2026-08-15T11:24:25.209+05:30  INFO 3096 --- [smartbank-management-system] [restartedMain] b.s.SmartBankManagementSystemApplication : Starting SmartBankManagementSystemApplication using Java 21.0.7 with PID 3096 (D:\yagnesh\JavaProjects\SmartBank-Management-System\SmartBank\target\classes started by Hindu in D:\yagnesh\JavaProjects\SmartBank-Management-System\SmartBank)
2026-08-15T11:24:25.216+05:30 DEBUG 3096 --- [smartbank-management-system] [restartedMain] b.s.SmartBankManagementSystemApplication : Running with Spring Boot v3.5.7, Spring v6.2.12
2026-08-15T11:24:25.217+05:30  INFO 3096 --- [smartbank-management-system] [restartedMain] b.s.SmartBankManagementSystemApplication : No active profile set, falling back to 1 default profile: "default"
2026-08-15T11:24:25.282+05:30  INFO 3096 --- [smartbank-management-system] [restartedMain] .e.DevToolsPropertyDefaultsPostProcessor : Devtools property defaults active! Set 'spring.devtools.add-properties' to 'false' to disable
2026-08-15T11:24:25.282+05:30  INFO 3096 --- [smartbank-management-system] [restartedMain] .e.DevToolsPropertyDefaultsPostProcessor : For additional web related logging consider setting the 'logging.level.web' property to 'DEBUG'
2026-08-15T11:24:27.318+05:30  INFO 3096 --- [smartbank-management-system] [restartedMain] .s.d.r.c.RepositoryConfigurationDelegate : Bootstrapping Spring Data JPA repositories in DEFAULT mode.
2026-08-15T11:24:27.402+05:30  INFO 3096 --- [smartbank-management-system] [restartedMain] .s.d.r.c.RepositoryConfigurationDelegate : Finished Spring Data repository scanning in 73 ms. Found 4 JPA repository interfaces.
2026-08-15T11:24:28.174+05:30  INFO 3096 --- [smartbank-management-system] [restartedMain] o.s.b.w.embedded.tomcat.TomcatWebServer  : Tomcat initialized with port 8080 (http)
2026-08-15T11:24:28.193+05:30  INFO 3096 --- [smartbank-management-system] [restartedMain] o.apache.catalina.core.StandardService   : Starting service [Tomcat]
2026-08-15T11:24:28.193+05:30  INFO 3096 --- [smartbank-management-system] [restartedMain] o.apache.catalina.core.StandardEngine    : Starting Servlet engine: [Apache Tomcat/10.1.48]
2026-08-15T11:24:28.256+05:30  INFO 3096 --- [smartbank-management-system] [restartedMain] o.a.c.c.C.[Tomcat].[localhost].[/]       : Initializing Spring embedded WebApplicationContext
2026-08-15T11:24:28.257+05:30  INFO 3096 --- [smartbank-management-system] [restartedMain] w.s.c.ServletWebServerApplicationContext : Root WebApplicationContext: initialization completed in 2974 ms
2026-08-15T11:24:28.442+05:30  INFO 3096 --- [smartbank-management-system] [restartedMain] o.hibernate.jpa.internal.util.LogHelper  : HHH000204: Processing PersistenceUnitInfo [name: default]
2026-08-15T11:24:28.526+05:30  INFO 3096 --- [smartbank-management-system] [restartedMain] org.hibernate.Version                    : HHH000412: Hibernate ORM core version 6.6.33.Final
2026-08-15T11:24:28.572+05:30  INFO 3096 --- [smartbank-management-system] [restartedMain] o.h.c.internal.RegionFactoryInitiator    : HHH000026: Second-level cache disabled
2026-08-15T11:24:28.884+05:30  INFO 3096 --- [smartbank-management-system] [restartedMain] o.s.o.j.p.SpringPersistenceUnitInfo      : No LoadTimeWeaver setup: ignoring JPA class transformer
2026-08-15T11:24:28.921+05:30  INFO 3096 --- [smartbank-management-system] [restartedMain] com.zaxxer.hikari.HikariDataSource       : HikariPool-1 - Starting...
2026-08-15T11:24:29.444+05:30  INFO 3096 --- [smartbank-management-system] [restartedMain] com.zaxxer.hikari.pool.HikariPool        : HikariPool-1 - Added connection com.mysql.cj.jdbc.ConnectionImpl@51546914
2026-08-15T11:24:29.446+05:30  INFO 3096 --- [smartbank-management-system] [restartedMain] com.zaxxer.hikari.HikariDataSource       : HikariPool-1 - Start completed.
2026-08-15T11:24:29.567+05:30  INFO 3096 --- [smartbank-management-system] [restartedMain] org.hibernate.orm.connections.pooling    : HHH10001005: Database info:
	Database JDBC URL [Connecting through datasource 'HikariDataSource (HikariPool-1)']
	Database driver: undefined/unknown
	Database version: 8.0.45
	Autocommit mode: undefined/unknown
	Isolation level: undefined/unknown
	Minimum pool size: undefined/unknown
	Maximum pool size: undefined/unknown
2026-08-15T11:24:30.662+05:30  INFO 3096 --- [smartbank-management-system] [restartedMain] o.h.e.t.j.p.i.JtaPlatformInitiator       : HHH000489: No JTA platform available (set 'hibernate.transaction.jta.platform' to enable JTA platform integration)
2026-08-15T11:24:30.834+05:30  INFO 3096 --- [smartbank-management-system] [restartedMain] j.LocalContainerEntityManagerFactoryBean : Initialized JPA EntityManagerFactory for persistence unit 'default'
2026-08-15T11:24:31.212+05:30 DEBUG 3096 --- [smartbank-management-system] [restartedMain] c.b.s.security.JwtAuthenticationFilter   : Filter 'jwtAuthenticationFilter' configured for use
2026-08-15T11:24:31.287+05:30  INFO 3096 --- [smartbank-management-system] [restartedMain] o.s.d.j.r.query.QueryEnhancerFactory     : Hibernate is in classpath; If applicable, HQL parser will be used.
2026-08-15T11:24:32.294+05:30  WARN 3096 --- [smartbank-management-system] [restartedMain] JpaBaseConfiguration$JpaWebConfiguration : spring.jpa.open-in-view is enabled by default. Therefore, database queries may be performed during view rendering. Explicitly configure spring.jpa.open-in-view to disable this warning
2026-08-15T11:24:32.574+05:30  INFO 3096 --- [smartbank-management-system] [restartedMain] r$InitializeUserDetailsManagerConfigurer : Global AuthenticationManager configured with UserDetailsService bean with name userDetailsServiceImpl
2026-08-15T11:24:32.705+05:30 DEBUG 3096 --- [smartbank-management-system] [restartedMain] o.s.s.web.DefaultSecurityFilterChain     : Will secure any request with filters: DisableEncodeUrlFilter, WebAsyncManagerIntegrationFilter, SecurityContextHolderFilter, HeaderWriterFilter, CorsFilter, LogoutFilter, JwtAuthenticationFilter, RequestCacheAwareFilter, SecurityContextHolderAwareRequestFilter, AnonymousAuthenticationFilter, SessionManagementFilter, ExceptionTranslationFilter, AuthorizationFilter
2026-08-15T11:24:32.905+05:30  WARN 3096 --- [smartbank-management-system] [restartedMain] ion$DefaultTemplateResolverConfiguration : Cannot find template location: classpath:/templates/ (please add some templates, check your Thymeleaf configuration, or set spring.thymeleaf.check-template-location=false)
2026-08-15T11:24:33.194+05:30  INFO 3096 --- [smartbank-management-system] [restartedMain] o.s.b.d.a.OptionalLiveReloadServer       : LiveReload server is running on port 35729
2026-08-15T11:24:33.262+05:30  INFO 3096 --- [smartbank-management-system] [restartedMain] o.s.b.w.embedded.tomcat.TomcatWebServer  : Tomcat started on port 8080 (http) with context path '/'
2026-08-15T11:24:33.275+05:30  INFO 3096 --- [smartbank-management-system] [restartedMain] b.s.SmartBankManagementSystemApplication : Started SmartBankManagementSystemApplication in 8.701 seconds (process running for 10.049)
2026-08-15T11:24:33.409+05:30 DEBUG 3096 --- [smartbank-management-system] [restartedMain] org.hibernate.SQL                        : 
    select
        u1_0.id 
    from
        users u1_0 
    where
        u1_0.email=? 
    limit
        ?
2026-08-15T11:24:33.428+05:30  INFO 3096 --- [smartbank-management-system] [restartedMain] com.bank.smartbank.config.DataSeeder     : Admin user already exists
2026-08-15T11:24:45.191+05:30  INFO 3096 --- [smartbank-management-system] [http-nio-8080-exec-2] o.a.c.c.C.[Tomcat].[localhost].[/]       : Initializing Spring DispatcherServlet 'dispatcherServlet'
2026-08-15T11:24:45.191+05:30  INFO 3096 --- [smartbank-management-system] [http-nio-8080-exec-2] o.s.web.servlet.DispatcherServlet        : Initializing Servlet 'dispatcherServlet'
2026-08-15T11:24:45.193+05:30  INFO 3096 --- [smartbank-management-system] [http-nio-8080-exec-2] o.s.web.servlet.DispatcherServlet        : Completed initialization in 2 ms
2026-08-15T11:24:45.224+05:30 DEBUG 3096 --- [smartbank-management-system] [http-nio-8080-exec-1] o.s.security.web.FilterChainProxy        : Securing OPTIONS /api/accounts
2026-08-15T11:24:45.224+05:30 DEBUG 3096 --- [smartbank-management-system] [http-nio-8080-exec-2] o.s.security.web.FilterChainProxy        : Securing OPTIONS /api/accounts
2026-08-15T11:24:45.272+05:30 DEBUG 3096 --- [smartbank-management-system] [http-nio-8080-exec-3] o.s.security.web.FilterChainProxy        : Securing GET /api/accounts
2026-08-15T11:24:45.531+05:30 DEBUG 3096 --- [smartbank-management-system] [http-nio-8080-exec-3] org.hibernate.SQL                        : 
    select
        u1_0.id,
        u1_0.created_at,
        u1_0.email,
        u1_0.full_name,
        u1_0.is_verified,
        u1_0.password,
        u1_0.phone,
        u1_0.role 
    from
        users u1_0 
    where
        u1_0.id=?
2026-08-15T11:24:45.590+05:30 DEBUG 3096 --- [smartbank-management-system] [http-nio-8080-exec-3] o.s.security.web.FilterChainProxy        : Secured GET /api/accounts
2026-08-15T11:24:45.629+05:30 DEBUG 3096 --- [smartbank-management-system] [http-nio-8080-exec-3] org.hibernate.SQL                        : 
    select
        u1_0.id,
        u1_0.created_at,
        u1_0.email,
        u1_0.full_name,
        u1_0.is_verified,
        u1_0.password,
        u1_0.phone,
        u1_0.role 
    from
        users u1_0 
    where
        u1_0.email=?
2026-08-15T11:24:45.681+05:30 DEBUG 3096 --- [smartbank-management-system] [http-nio-8080-exec-3] org.hibernate.SQL                        : 
    select
        count(*) 
    from
        users u1_0 
    where
        u1_0.id=?
2026-08-15T11:24:45.696+05:30 DEBUG 3096 --- [smartbank-management-system] [http-nio-8080-exec-3] org.hibernate.SQL                        : 
    select
        a1_0.id,
        a1_0.account_number,
        a1_0.balance,
        a1_0.created_at,
        a1_0.status,
        a1_0.type,
        a1_0.user_id 
    from
        accounts a1_0 
    left join
        users u1_0 
            on u1_0.id=a1_0.user_id 
    where
        u1_0.id=?
2026-08-15T11:24:45.808+05:30 DEBUG 3096 --- [smartbank-management-system] [http-nio-8080-exec-5] o.s.security.web.FilterChainProxy        : Securing GET /api/accounts
2026-08-15T11:24:45.812+05:30 DEBUG 3096 --- [smartbank-management-system] [http-nio-8080-exec-6] o.s.security.web.FilterChainProxy        : Securing OPTIONS /api/transactions/ACC20260507120132769/recent
2026-08-15T11:24:45.813+05:30 DEBUG 3096 --- [smartbank-management-system] [http-nio-8080-exec-5] org.hibernate.SQL                        : 
    select
        u1_0.id,
        u1_0.created_at,
        u1_0.email,
        u1_0.full_name,
        u1_0.is_verified,
        u1_0.password,
        u1_0.phone,
        u1_0.role 
    from
        users u1_0 
    where
        u1_0.id=?
2026-08-15T11:24:45.817+05:30 DEBUG 3096 --- [smartbank-management-system] [http-nio-8080-exec-5] o.s.security.web.FilterChainProxy        : Secured GET /api/accounts
2026-08-15T11:24:45.818+05:30 DEBUG 3096 --- [smartbank-management-system] [http-nio-8080-exec-7] o.s.security.web.FilterChainProxy        : Securing GET /api/transactions/ACC20260507120132769/recent
2026-08-15T11:24:45.819+05:30 DEBUG 3096 --- [smartbank-management-system] [http-nio-8080-exec-5] org.hibernate.SQL                        : 
    select
        u1_0.id,
        u1_0.created_at,
        u1_0.email,
        u1_0.full_name,
        u1_0.is_verified,
        u1_0.password,
        u1_0.phone,
        u1_0.role 
    from
        users u1_0 
    where
        u1_0.email=?
2026-08-15T11:24:45.824+05:30 DEBUG 3096 --- [smartbank-management-system] [http-nio-8080-exec-7] org.hibernate.SQL                        : 
    select
        u1_0.id,
        u1_0.created_at,
        u1_0.email,
        u1_0.full_name,
        u1_0.is_verified,
        u1_0.password,
        u1_0.phone,
        u1_0.role 
    from
        users u1_0 
    where
        u1_0.id=?
2026-08-15T11:24:45.827+05:30 DEBUG 3096 --- [smartbank-management-system] [http-nio-8080-exec-5] org.hibernate.SQL                        : 
    select
        count(*) 
    from
        users u1_0 
    where
        u1_0.id=?
2026-08-15T11:24:45.830+05:30 DEBUG 3096 --- [smartbank-management-system] [http-nio-8080-exec-5] org.hibernate.SQL                        : 
    select
        a1_0.id,
        a1_0.account_number,
        a1_0.balance,
        a1_0.created_at,
        a1_0.status,
        a1_0.type,
        a1_0.user_id 
    from
        accounts a1_0 
    left join
        users u1_0 
            on u1_0.id=a1_0.user_id 
    where
        u1_0.id=?
2026-08-15T11:24:45.831+05:30 DEBUG 3096 --- [smartbank-management-system] [http-nio-8080-exec-7] o.s.security.web.FilterChainProxy        : Secured GET /api/transactions/ACC20260507120132769/recent
2026-08-15T11:24:45.846+05:30 DEBUG 3096 --- [smartbank-management-system] [http-nio-8080-exec-7] org.hibernate.SQL                        : 
    select
        u1_0.id,
        u1_0.created_at,
        u1_0.email,
        u1_0.full_name,
        u1_0.is_verified,
        u1_0.password,
        u1_0.phone,
        u1_0.role 
    from
        users u1_0 
    where
        u1_0.email=?
2026-08-15T11:24:45.855+05:30 DEBUG 3096 --- [smartbank-management-system] [http-nio-8080-exec-7] org.hibernate.SQL                        : 
    select
        a1_0.id,
        a1_0.account_number,
        a1_0.balance,
        a1_0.created_at,
        a1_0.status,
        a1_0.type,
        a1_0.user_id 
    from
        accounts a1_0 
    where
        a1_0.account_number=?
2026-08-15T11:24:45.863+05:30 DEBUG 3096 --- [smartbank-management-system] [http-nio-8080-exec-7] org.hibernate.SQL                        : 
    select
        a1_0.id,
        a1_0.account_number,
        a1_0.balance,
        a1_0.created_at,
        a1_0.status,
        a1_0.type,
        a1_0.user_id 
    from
        accounts a1_0 
    where
        a1_0.account_number=?
2026-08-15T11:24:45.876+05:30 DEBUG 3096 --- [smartbank-management-system] [http-nio-8080-exec-7] org.hibernate.SQL                        : 
    select
        t1_0.id,
        t1_0.account_id,
        t1_0.amount,
        t1_0.balance_after,
        t1_0.created_at,
        t1_0.description,
        t1_0.reference_account,
        t1_0.transaction_ref,
        t1_0.type 
    from
        transactions t1_0 
    where
        t1_0.account_id=? 
    order by
        t1_0.created_at desc
2026-08-15T11:24:45.899+05:30 DEBUG 3096 --- [smartbank-management-system] [http-nio-8080-exec-4] o.s.security.web.FilterChainProxy        : Securing GET /api/transactions/ACC20260507120132769/recent
2026-08-15T11:24:45.903+05:30 DEBUG 3096 --- [smartbank-management-system] [http-nio-8080-exec-4] org.hibernate.SQL                        : 
    select
        u1_0.id,
        u1_0.created_at,
        u1_0.email,
        u1_0.full_name,
        u1_0.is_verified,
        u1_0.password,
        u1_0.phone,
        u1_0.role 
    from
        users u1_0 
    where
        u1_0.id=?
2026-08-15T11:24:45.908+05:30 DEBUG 3096 --- [smartbank-management-system] [http-nio-8080-exec-4] o.s.security.web.FilterChainProxy        : Secured GET /api/transactions/ACC20260507120132769/recent
2026-08-15T11:24:45.910+05:30 DEBUG 3096 --- [smartbank-management-system] [http-nio-8080-exec-4] org.hibernate.SQL                        : 
    select
        u1_0.id,
        u1_0.created_at,
        u1_0.email,
        u1_0.full_name,
        u1_0.is_verified,
        u1_0.password,
        u1_0.phone,
        u1_0.role 
    from
        users u1_0 
    where
        u1_0.email=?
2026-08-15T11:24:45.917+05:30 DEBUG 3096 --- [smartbank-management-system] [http-nio-8080-exec-4] org.hibernate.SQL                        : 
    select
        a1_0.id,
        a1_0.account_number,
        a1_0.balance,
        a1_0.created_at,
        a1_0.status,
        a1_0.type,
        a1_0.user_id 
    from
        accounts a1_0 
    where
        a1_0.account_number=?
2026-08-15T11:24:45.926+05:30 DEBUG 3096 --- [smartbank-management-system] [http-nio-8080-exec-4] org.hibernate.SQL                        : 
    select
        a1_0.id,
        a1_0.account_number,
        a1_0.balance,
        a1_0.created_at,
        a1_0.status,
        a1_0.type,
        a1_0.user_id 
    from
        accounts a1_0 
    where
        a1_0.account_number=?
2026-08-15T11:24:45.931+05:30 DEBUG 3096 --- [smartbank-management-system] [http-nio-8080-exec-4] org.hibernate.SQL                        : 
    select
        t1_0.id,
        t1_0.account_id,
        t1_0.amount,
        t1_0.balance_after,
        t1_0.created_at,
        t1_0.description,
        t1_0.reference_account,
        t1_0.transaction_ref,
        t1_0.type 
    from
        transactions t1_0 
    where
        t1_0.account_id=? 
    order by
        t1_0.created_at desc
2026-08-15T11:24:56.800+05:30 DEBUG 3096 --- [smartbank-management-system] [http-nio-8080-exec-8] o.s.security.web.FilterChainProxy        : Securing OPTIONS /api/auth/login
2026-08-15T11:24:56.804+05:30 DEBUG 3096 --- [smartbank-management-system] [http-nio-8080-exec-9] o.s.security.web.FilterChainProxy        : Securing POST /api/auth/login
2026-08-15T11:24:56.805+05:30 DEBUG 3096 --- [smartbank-management-system] [http-nio-8080-exec-9] o.s.s.w.a.AnonymousAuthenticationFilter  : Set SecurityContextHolder to anonymous SecurityContext
2026-08-15T11:24:56.806+05:30 DEBUG 3096 --- [smartbank-management-system] [http-nio-8080-exec-9] o.s.security.web.FilterChainProxy        : Secured POST /api/auth/login
2026-08-15T11:24:56.932+05:30 DEBUG 3096 --- [smartbank-management-system] [http-nio-8080-exec-9] org.hibernate.SQL                        : 
    select
        u1_0.id,
        u1_0.created_at,
        u1_0.email,
        u1_0.full_name,
        u1_0.is_verified,
        u1_0.password,
        u1_0.phone,
        u1_0.role 
    from
        users u1_0 
    where
        u1_0.email=?
2026-08-15T11:24:57.095+05:30  INFO 3096 --- [smartbank-management-system] [http-nio-8080-exec-9] com.bank.smartbank.service.AuthService   : User logged in: d.yagnesh555@gmail.com
2026-08-15T11:24:57.140+05:30 DEBUG 3096 --- [smartbank-management-system] [http-nio-8080-exec-2] o.s.security.web.FilterChainProxy        : Securing OPTIONS /api/accounts
2026-08-15T11:24:57.140+05:30 DEBUG 3096 --- [smartbank-management-system] [http-nio-8080-exec-10] o.s.security.web.FilterChainProxy        : Securing OPTIONS /api/accounts
2026-08-15T11:24:57.144+05:30 DEBUG 3096 --- [smartbank-management-system] [http-nio-8080-exec-1] o.s.security.web.FilterChainProxy        : Securing GET /api/accounts
2026-08-15T11:24:57.149+05:30 DEBUG 3096 --- [smartbank-management-system] [http-nio-8080-exec-1] org.hibernate.SQL                        : 
    select
        u1_0.id,
        u1_0.created_at,
        u1_0.email,
        u1_0.full_name,
        u1_0.is_verified,
        u1_0.password,
        u1_0.phone,
        u1_0.role 
    from
        users u1_0 
    where
        u1_0.id=?
2026-08-15T11:24:57.155+05:30 DEBUG 3096 --- [smartbank-management-system] [http-nio-8080-exec-1] o.s.security.web.FilterChainProxy        : Secured GET /api/accounts
2026-08-15T11:24:57.162+05:30 DEBUG 3096 --- [smartbank-management-system] [http-nio-8080-exec-1] org.hibernate.SQL                        : 
    select
        u1_0.id,
        u1_0.created_at,
        u1_0.email,
        u1_0.full_name,
        u1_0.is_verified,
        u1_0.password,
        u1_0.phone,
        u1_0.role 
    from
        users u1_0 
    where
        u1_0.email=?
2026-08-15T11:24:57.168+05:30 DEBUG 3096 --- [smartbank-management-system] [http-nio-8080-exec-1] org.hibernate.SQL                        : 
    select
        count(*) 
    from
        users u1_0 
    where
        u1_0.id=?
2026-08-15T11:24:57.172+05:30 DEBUG 3096 --- [smartbank-management-system] [http-nio-8080-exec-1] org.hibernate.SQL                        : 
    select
        a1_0.id,
        a1_0.account_number,
        a1_0.balance,
        a1_0.created_at,
        a1_0.status,
        a1_0.type,
        a1_0.user_id 
    from
        accounts a1_0 
    left join
        users u1_0 
            on u1_0.id=a1_0.user_id 
    where
        u1_0.id=?
2026-08-15T11:24:57.183+05:30 DEBUG 3096 --- [smartbank-management-system] [http-nio-8080-exec-3] o.s.security.web.FilterChainProxy        : Securing GET /api/accounts
2026-08-15T11:24:57.185+05:30 DEBUG 3096 --- [smartbank-management-system] [http-nio-8080-exec-6] o.s.security.web.FilterChainProxy        : Securing OPTIONS /api/transactions/ACC20260507120132769/recent
2026-08-15T11:24:57.188+05:30 DEBUG 3096 --- [smartbank-management-system] [http-nio-8080-exec-3] org.hibernate.SQL                        : 
    select
        u1_0.id,
        u1_0.created_at,
        u1_0.email,
        u1_0.full_name,
        u1_0.is_verified,
        u1_0.password,
        u1_0.phone,
        u1_0.role 
    from
        users u1_0 
    where
        u1_0.id=?
2026-08-15T11:24:57.189+05:30 DEBUG 3096 --- [smartbank-management-system] [http-nio-8080-exec-5] o.s.security.web.FilterChainProxy        : Securing GET /api/transactions/ACC20260507120132769/recent
2026-08-15T11:24:57.192+05:30 DEBUG 3096 --- [smartbank-management-system] [http-nio-8080-exec-3] o.s.security.web.FilterChainProxy        : Secured GET /api/accounts
2026-08-15T11:24:57.193+05:30 DEBUG 3096 --- [smartbank-management-system] [http-nio-8080-exec-5] org.hibernate.SQL                        : 
    select
        u1_0.id,
        u1_0.created_at,
        u1_0.email,
        u1_0.full_name,
        u1_0.is_verified,
        u1_0.password,
        u1_0.phone,
        u1_0.role 
    from
        users u1_0 
    where
        u1_0.id=?
2026-08-15T11:24:57.196+05:30 DEBUG 3096 --- [smartbank-management-system] [http-nio-8080-exec-3] org.hibernate.SQL                        : 
    select
        u1_0.id,
        u1_0.created_at,
        u1_0.email,
        u1_0.full_name,
        u1_0.is_verified,
        u1_0.password,
        u1_0.phone,
        u1_0.role 
    from
        users u1_0 
    where
        u1_0.email=?
2026-08-15T11:24:57.197+05:30 DEBUG 3096 --- [smartbank-management-system] [http-nio-8080-exec-5] o.s.security.web.FilterChainProxy        : Secured GET /api/transactions/ACC20260507120132769/recent
2026-08-15T11:24:57.201+05:30 DEBUG 3096 --- [smartbank-management-system] [http-nio-8080-exec-3] org.hibernate.SQL                        : 
    select
        count(*) 
    from
        users u1_0 
    where
        u1_0.id=?
2026-08-15T11:24:57.201+05:30 DEBUG 3096 --- [smartbank-management-system] [http-nio-8080-exec-5] org.hibernate.SQL                        : 
    select
        u1_0.id,
        u1_0.created_at,
        u1_0.email,
        u1_0.full_name,
        u1_0.is_verified,
        u1_0.password,
        u1_0.phone,
        u1_0.role 
    from
        users u1_0 
    where
        u1_0.email=?
2026-08-15T11:24:57.205+05:30 DEBUG 3096 --- [smartbank-management-system] [http-nio-8080-exec-3] org.hibernate.SQL                        : 
    select
        a1_0.id,
        a1_0.account_number,
        a1_0.balance,
        a1_0.created_at,
        a1_0.status,
        a1_0.type,
        a1_0.user_id 
    from
        accounts a1_0 
    left join
        users u1_0 
            on u1_0.id=a1_0.user_id 
    where
        u1_0.id=?
2026-08-15T11:24:57.206+05:30 DEBUG 3096 --- [smartbank-management-system] [http-nio-8080-exec-5] org.hibernate.SQL                        : 
    select
        a1_0.id,
        a1_0.account_number,
        a1_0.balance,
        a1_0.created_at,
        a1_0.status,
        a1_0.type,
        a1_0.user_id 
    from
        accounts a1_0 
    where
        a1_0.account_number=?
2026-08-15T11:24:57.213+05:30 DEBUG 3096 --- [smartbank-management-system] [http-nio-8080-exec-5] org.hibernate.SQL                        : 
    select
        a1_0.id,
        a1_0.account_number,
        a1_0.balance,
        a1_0.created_at,
        a1_0.status,
        a1_0.type,
        a1_0.user_id 
    from
        accounts a1_0 
    where
        a1_0.account_number=?
2026-08-15T11:24:57.218+05:30 DEBUG 3096 --- [smartbank-management-system] [http-nio-8080-exec-5] org.hibernate.SQL                        : 
    select
        t1_0.id,
        t1_0.account_id,
        t1_0.amount,
        t1_0.balance_after,
        t1_0.created_at,
        t1_0.description,
        t1_0.reference_account,
        t1_0.transaction_ref,
        t1_0.type 
    from
        transactions t1_0 
    where
        t1_0.account_id=? 
    order by
        t1_0.created_at desc
2026-08-15T11:24:57.228+05:30 DEBUG 3096 --- [smartbank-management-system] [http-nio-8080-exec-7] o.s.security.web.FilterChainProxy        : Securing GET /api/transactions/ACC20260507120132769/recent
2026-08-15T11:24:57.234+05:30 DEBUG 3096 --- [smartbank-management-system] [http-nio-8080-exec-7] org.hibernate.SQL                        : 
    select
        u1_0.id,
        u1_0.created_at,
        u1_0.email,
        u1_0.full_name,
        u1_0.is_verified,
        u1_0.password,
        u1_0.phone,
        u1_0.role 
    from
        users u1_0 
    where
        u1_0.id=?
2026-08-15T11:24:57.238+05:30 DEBUG 3096 --- [smartbank-management-system] [http-nio-8080-exec-7] o.s.security.web.FilterChainProxy        : Secured GET /api/transactions/ACC20260507120132769/recent
2026-08-15T11:24:57.241+05:30 DEBUG 3096 --- [smartbank-management-system] [http-nio-8080-exec-7] org.hibernate.SQL                        : 
    select
        u1_0.id,
        u1_0.created_at,
        u1_0.email,
        u1_0.full_name,
        u1_0.is_verified,
        u1_0.password,
        u1_0.phone,
        u1_0.role 
    from
        users u1_0 
    where
        u1_0.email=?
2026-08-15T11:24:57.247+05:30 DEBUG 3096 --- [smartbank-management-system] [http-nio-8080-exec-7] org.hibernate.SQL                        : 
    select
        a1_0.id,
        a1_0.account_number,
        a1_0.balance,
        a1_0.created_at,
        a1_0.status,
        a1_0.type,
        a1_0.user_id 
    from
        accounts a1_0 
    where
        a1_0.account_number=?
2026-08-15T11:24:57.255+05:30 DEBUG 3096 --- [smartbank-management-system] [http-nio-8080-exec-7] org.hibernate.SQL                        : 
    select
        a1_0.id,
        a1_0.account_number,
        a1_0.balance,
        a1_0.created_at,
        a1_0.status,
        a1_0.type,
        a1_0.user_id 
    from
        accounts a1_0 
    where
        a1_0.account_number=?
2026-08-15T11:24:57.261+05:30 DEBUG 3096 --- [smartbank-management-system] [http-nio-8080-exec-7] org.hibernate.SQL                        : 
    select
        t1_0.id,
        t1_0.account_id,
        t1_0.amount,
        t1_0.balance_after,
        t1_0.created_at,
        t1_0.description,
        t1_0.reference_account,
        t1_0.transaction_ref,
        t1_0.type 
    from
        transactions t1_0 
    where
        t1_0.account_id=? 
    order by
        t1_0.created_at desc
2026-08-15T11:25:02.419+05:30 DEBUG 3096 --- [smartbank-management-system] [http-nio-8080-exec-4] o.s.security.web.FilterChainProxy        : Securing OPTIONS /api/auth/login
2026-08-15T11:25:02.423+05:30 DEBUG 3096 --- [smartbank-management-system] [http-nio-8080-exec-8] o.s.security.web.FilterChainProxy        : Securing POST /api/auth/login
2026-08-15T11:25:02.425+05:30 DEBUG 3096 --- [smartbank-management-system] [http-nio-8080-exec-8] o.s.s.w.a.AnonymousAuthenticationFilter  : Set SecurityContextHolder to anonymous SecurityContext
2026-08-15T11:25:02.425+05:30 DEBUG 3096 --- [smartbank-management-system] [http-nio-8080-exec-8] o.s.security.web.FilterChainProxy        : Secured POST /api/auth/login
2026-08-15T11:25:02.429+05:30 DEBUG 3096 --- [smartbank-management-system] [http-nio-8080-exec-8] org.hibernate.SQL                        : 
    select
        u1_0.id,
        u1_0.created_at,
        u1_0.email,
        u1_0.full_name,
        u1_0.is_verified,
        u1_0.password,
        u1_0.phone,
        u1_0.role 
    from
        users u1_0 
    where
        u1_0.email=?
2026-08-15T11:25:02.534+05:30  INFO 3096 --- [smartbank-management-system] [http-nio-8080-exec-8] com.bank.smartbank.service.AuthService   : User logged in: admin@bank.com
2026-08-15T11:25:02.584+05:30 DEBUG 3096 --- [smartbank-management-system] [http-nio-8080-exec-9] o.s.security.web.FilterChainProxy        : Securing OPTIONS /api/admin/loans/all
2026-08-15T11:25:02.584+05:30 DEBUG 3096 --- [smartbank-management-system] [http-nio-8080-exec-2] o.s.security.web.FilterChainProxy        : Securing OPTIONS /api/admin/loans/all
2026-08-15T11:25:02.588+05:30 DEBUG 3096 --- [smartbank-management-system] [http-nio-8080-exec-10] o.s.security.web.FilterChainProxy        : Securing GET /api/admin/loans/all
2026-08-15T11:25:02.592+05:30 DEBUG 3096 --- [smartbank-management-system] [http-nio-8080-exec-10] org.hibernate.SQL                        : 
    select
        u1_0.id,
        u1_0.created_at,
        u1_0.email,
        u1_0.full_name,
        u1_0.is_verified,
        u1_0.password,
        u1_0.phone,
        u1_0.role 
    from
        users u1_0 
    where
        u1_0.id=?
2026-08-15T11:25:02.598+05:30 DEBUG 3096 --- [smartbank-management-system] [http-nio-8080-exec-10] o.s.security.web.FilterChainProxy        : Secured GET /api/admin/loans/all
2026-08-15T11:25:02.601+05:30 DEBUG 3096 --- [smartbank-management-system] [http-nio-8080-exec-10] horizationManagerBeforeMethodInterceptor : Authorizing method invocation ReflectiveMethodInvocation: public org.springframework.http.ResponseEntity com.bank.smartbank.controller.AdminController.getAllLoans(); target is of class [com.bank.smartbank.controller.AdminController]
2026-08-15T11:25:02.637+05:30 DEBUG 3096 --- [smartbank-management-system] [http-nio-8080-exec-10] horizationManagerBeforeMethodInterceptor : Authorized method invocation ReflectiveMethodInvocation: public org.springframework.http.ResponseEntity com.bank.smartbank.controller.AdminController.getAllLoans(); target is of class [com.bank.smartbank.controller.AdminController]
2026-08-15T11:25:02.644+05:30 DEBUG 3096 --- [smartbank-management-system] [http-nio-8080-exec-10] org.hibernate.SQL                        : 
    select
        l1_0.id,
        l1_0.amount,
        l1_0.applied_date,
        l1_0.approved_by,
        l1_0.approved_date,
        l1_0.disbursed_date,
        l1_0.emi_amount,
        l1_0.interest_rate,
        l1_0.loan_number,
        l1_0.purpose,
        l1_0.rejection_reason,
        l1_0.status,
        l1_0.tenure_months,
        l1_0.user_id 
    from
        loans l1_0 
    where
        l1_0.status in (?, ?)
2026-08-15T11:25:02.660+05:30 DEBUG 3096 --- [smartbank-management-system] [http-nio-8080-exec-10] org.hibernate.SQL                        : 
    select
        u1_0.id,
        u1_0.created_at,
        u1_0.email,
        u1_0.full_name,
        u1_0.is_verified,
        u1_0.password,
        u1_0.phone,
        u1_0.role 
    from
        users u1_0 
    where
        u1_0.id=?
2026-08-15T11:25:02.674+05:30 DEBUG 3096 --- [smartbank-management-system] [http-nio-8080-exec-1] o.s.security.web.FilterChainProxy        : Securing GET /api/admin/loans/all
2026-08-15T11:25:02.678+05:30 DEBUG 3096 --- [smartbank-management-system] [http-nio-8080-exec-1] org.hibernate.SQL                        : 
    select
        u1_0.id,
        u1_0.created_at,
        u1_0.email,
        u1_0.full_name,
        u1_0.is_verified,
        u1_0.password,
        u1_0.phone,
        u1_0.role 
    from
        users u1_0 
    where
        u1_0.id=?
2026-08-15T11:25:02.682+05:30 DEBUG 3096 --- [smartbank-management-system] [http-nio-8080-exec-1] o.s.security.web.FilterChainProxy        : Secured GET /api/admin/loans/all
2026-08-15T11:25:02.684+05:30 DEBUG 3096 --- [smartbank-management-system] [http-nio-8080-exec-1] horizationManagerBeforeMethodInterceptor : Authorizing method invocation ReflectiveMethodInvocation: public org.springframework.http.ResponseEntity com.bank.smartbank.controller.AdminController.getAllLoans(); target is of class [com.bank.smartbank.controller.AdminController]
2026-08-15T11:25:02.685+05:30 DEBUG 3096 --- [smartbank-management-system] [http-nio-8080-exec-1] horizationManagerBeforeMethodInterceptor : Authorized method invocation ReflectiveMethodInvocation: public org.springframework.http.ResponseEntity com.bank.smartbank.controller.AdminController.getAllLoans(); target is of class [com.bank.smartbank.controller.AdminController]
2026-08-15T11:25:02.687+05:30 DEBUG 3096 --- [smartbank-management-system] [http-nio-8080-exec-1] org.hibernate.SQL                        : 
    select
        l1_0.id,
        l1_0.amount,
        l1_0.applied_date,
        l1_0.approved_by,
        l1_0.approved_date,
        l1_0.disbursed_date,
        l1_0.emi_amount,
        l1_0.interest_rate,
        l1_0.loan_number,
        l1_0.purpose,
        l1_0.rejection_reason,
        l1_0.status,
        l1_0.tenure_months,
        l1_0.user_id 
    from
        loans l1_0 
    where
        l1_0.status in (?, ?)
2026-08-15T11:25:02.690+05:30 DEBUG 3096 --- [smartbank-management-system] [http-nio-8080-exec-1] org.hibernate.SQL                        : 
    select
        u1_0.id,
        u1_0.created_at,
        u1_0.email,
        u1_0.full_name,
        u1_0.is_verified,
        u1_0.password,
        u1_0.phone,
        u1_0.role 
    from
        users u1_0 
    where
        u1_0.id=?
2026-08-15T11:26:20.064+05:30  INFO 3096 --- [smartbank-management-system] [File Watcher] rtingClassPathChangeChangedEventListener : Restarting due to 1 class path change (0 additions, 0 deletions, 1 modification)
2026-08-15T11:26:20.070+05:30  INFO 3096 --- [smartbank-management-system] [Thread-5] o.s.b.w.e.tomcat.GracefulShutdown        : Commencing graceful shutdown. Waiting for active requests to complete
2026-08-15T11:26:20.089+05:30  INFO 3096 --- [smartbank-management-system] [tomcat-shutdown] o.s.b.w.e.tomcat.GracefulShutdown        : Graceful shutdown complete
2026-08-15T11:26:20.096+05:30  INFO 3096 --- [smartbank-management-system] [Thread-5] j.LocalContainerEntityManagerFactoryBean : Closing JPA EntityManagerFactory for persistence unit 'default'
2026-08-15T11:26:20.104+05:30  INFO 3096 --- [smartbank-management-system] [Thread-5] com.zaxxer.hikari.HikariDataSource       : HikariPool-1 - Shutdown initiated...
2026-08-15T11:26:20.117+05:30  INFO 3096 --- [smartbank-management-system] [Thread-5] com.zaxxer.hikari.HikariDataSource       : HikariPool-1 - Shutdown completed.
2026-08-15T11:26:20.242+05:30  INFO 3096 --- [smartbank-management-system] [restartedMain] b.s.SmartBankManagementSystemApplication : Starting SmartBankManagementSystemApplication using Java 21.0.7 with PID 3096 (D:\yagnesh\JavaProjects\SmartBank-Management-System\SmartBank\target\classes started by Hindu in D:\yagnesh\JavaProjects\SmartBank-Management-System\SmartBank)
2026-08-15T11:26:20.244+05:30 DEBUG 3096 --- [smartbank-management-system] [restartedMain] b.s.SmartBankManagementSystemApplication : Running with Spring Boot v3.5.7, Spring v6.2.12
2026-08-15T11:26:20.245+05:30  INFO 3096 --- [smartbank-management-system] [restartedMain] b.s.SmartBankManagementSystemApplication : No active profile set, falling back to 1 default profile: "default"
2026-08-15T11:26:20.714+05:30  INFO 3096 --- [smartbank-management-system] [restartedMain] .s.d.r.c.RepositoryConfigurationDelegate : Bootstrapping Spring Data JPA repositories in DEFAULT mode.
2026-08-15T11:26:20.760+05:30  INFO 3096 --- [smartbank-management-system] [restartedMain] .s.d.r.c.RepositoryConfigurationDelegate : Finished Spring Data repository scanning in 44 ms. Found 4 JPA repository interfaces.
2026-08-15T11:26:21.078+05:30  INFO 3096 --- [smartbank-management-system] [restartedMain] o.s.b.w.embedded.tomcat.TomcatWebServer  : Tomcat initialized with port 8080 (http)
2026-08-15T11:26:21.081+05:30  INFO 3096 --- [smartbank-management-system] [restartedMain] o.apache.catalina.core.StandardService   : Starting service [Tomcat]
2026-08-15T11:26:21.081+05:30  INFO 3096 --- [smartbank-management-system] [restartedMain] o.apache.catalina.core.StandardEngine    : Starting Servlet engine: [Apache Tomcat/10.1.48]
2026-08-15T11:26:21.120+05:30  INFO 3096 --- [smartbank-management-system] [restartedMain] o.a.c.c.C.[Tomcat].[localhost].[/]       : Initializing Spring embedded WebApplicationContext
2026-08-15T11:26:21.120+05:30  INFO 3096 --- [smartbank-management-system] [restartedMain] w.s.c.ServletWebServerApplicationContext : Root WebApplicationContext: initialization completed in 872 ms
2026-08-15T11:26:21.199+05:30  INFO 3096 --- [smartbank-management-system] [restartedMain] o.hibernate.jpa.internal.util.LogHelper  : HHH000204: Processing PersistenceUnitInfo [name: default]
2026-08-15T11:26:21.203+05:30  INFO 3096 --- [smartbank-management-system] [restartedMain] o.h.c.internal.RegionFactoryInitiator    : HHH000026: Second-level cache disabled
2026-08-15T11:26:21.217+05:30  INFO 3096 --- [smartbank-management-system] [restartedMain] o.s.o.j.p.SpringPersistenceUnitInfo      : No LoadTimeWeaver setup: ignoring JPA class transformer
2026-08-15T11:26:21.219+05:30  INFO 3096 --- [smartbank-management-system] [restartedMain] com.zaxxer.hikari.HikariDataSource       : HikariPool-2 - Starting...
2026-08-15T11:26:21.243+05:30  INFO 3096 --- [smartbank-management-system] [restartedMain] com.zaxxer.hikari.pool.HikariPool        : HikariPool-2 - Added connection com.mysql.cj.jdbc.ConnectionImpl@6339572d
2026-08-15T11:26:21.243+05:30  INFO 3096 --- [smartbank-management-system] [restartedMain] com.zaxxer.hikari.HikariDataSource       : HikariPool-2 - Start completed.
2026-08-15T11:26:21.246+05:30  INFO 3096 --- [smartbank-management-system] [restartedMain] org.hibernate.orm.connections.pooling    : HHH10001005: Database info:
	Database JDBC URL [Connecting through datasource 'HikariDataSource (HikariPool-2)']
	Database driver: undefined/unknown
	Database version: 8.0.45
	Autocommit mode: undefined/unknown
	Isolation level: undefined/unknown
	Minimum pool size: undefined/unknown
	Maximum pool size: undefined/unknown
2026-08-15T11:26:21.467+05:30  INFO 3096 --- [smartbank-management-system] [restartedMain] o.h.e.t.j.p.i.JtaPlatformInitiator       : HHH000489: No JTA platform available (set 'hibernate.transaction.jta.platform' to enable JTA platform integration)
2026-08-15T11:26:21.523+05:30  INFO 3096 --- [smartbank-management-system] [restartedMain] j.LocalContainerEntityManagerFactoryBean : Initialized JPA EntityManagerFactory for persistence unit 'default'
2026-08-15T11:26:21.682+05:30 DEBUG 3096 --- [smartbank-management-system] [restartedMain] c.b.s.security.JwtAuthenticationFilter   : Filter 'jwtAuthenticationFilter' configured for use
2026-08-15T11:26:21.999+05:30  WARN 3096 --- [smartbank-management-system] [restartedMain] JpaBaseConfiguration$JpaWebConfiguration : spring.jpa.open-in-view is enabled by default. Therefore, database queries may be performed during view rendering. Explicitly configure spring.jpa.open-in-view to disable this warning
2026-08-15T11:26:22.226+05:30  INFO 3096 --- [smartbank-management-system] [restartedMain] r$InitializeUserDetailsManagerConfigurer : Global AuthenticationManager configured with UserDetailsService bean with name userDetailsServiceImpl
2026-08-15T11:26:22.316+05:30 DEBUG 3096 --- [smartbank-management-system] [restartedMain] o.s.s.web.DefaultSecurityFilterChain     : Will secure any request with filters: DisableEncodeUrlFilter, WebAsyncManagerIntegrationFilter, SecurityContextHolderFilter, HeaderWriterFilter, CorsFilter, LogoutFilter, JwtAuthenticationFilter, RequestCacheAwareFilter, SecurityContextHolderAwareRequestFilter, AnonymousAuthenticationFilter, SessionManagementFilter, ExceptionTranslationFilter, AuthorizationFilter
2026-08-15T11:26:22.441+05:30  WARN 3096 --- [smartbank-management-system] [restartedMain] ion$DefaultTemplateResolverConfiguration : Cannot find template location: classpath:/templates/ (please add some templates, check your Thymeleaf configuration, or set spring.thymeleaf.check-template-location=false)
2026-08-15T11:26:22.605+05:30  INFO 3096 --- [smartbank-management-system] [restartedMain] o.s.b.d.a.OptionalLiveReloadServer       : LiveReload server is running on port 35729
2026-08-15T11:26:22.632+05:30  INFO 3096 --- [smartbank-management-system] [restartedMain] o.s.b.w.embedded.tomcat.TomcatWebServer  : Tomcat started on port 8080 (http) with context path '/'
2026-08-15T11:26:22.635+05:30  INFO 3096 --- [smartbank-management-system] [restartedMain] b.s.SmartBankManagementSystemApplication : Started SmartBankManagementSystemApplication in 2.438 seconds (process running for 119.409)
2026-08-15T11:26:22.703+05:30 DEBUG 3096 --- [smartbank-management-system] [restartedMain] org.hibernate.SQL                        : 
    select
        u1_0.id 
    from
        users u1_0 
    where
        u1_0.email=? 
    limit
        ?
2026-08-15T11:26:22.707+05:30  INFO 3096 --- [smartbank-management-system] [restartedMain] com.bank.smartbank.config.DataSeeder     : Admin user already exists
2026-08-15T11:26:22.709+05:30  INFO 3096 --- [smartbank-management-system] [restartedMain] .ConditionEvaluationDeltaLoggingListener : Condition evaluation unchanged
2026-08-15T11:26:24.053+05:30  INFO 3096 --- [smartbank-management-system] [File Watcher] rtingClassPathChangeChangedEventListener : Restarting due to 3 class path changes (0 additions, 0 deletions, 3 modifications)
2026-08-15T11:26:24.056+05:30  INFO 3096 --- [smartbank-management-system] [Thread-7] o.s.b.w.e.tomcat.GracefulShutdown        : Commencing graceful shutdown. Waiting for active requests to complete
2026-08-15T11:26:24.073+05:30  INFO 3096 --- [smartbank-management-system] [tomcat-shutdown] o.s.b.w.e.tomcat.GracefulShutdown        : Graceful shutdown complete
2026-08-15T11:26:24.077+05:30  INFO 3096 --- [smartbank-management-system] [Thread-7] j.LocalContainerEntityManagerFactoryBean : Closing JPA EntityManagerFactory for persistence unit 'default'
2026-08-15T11:26:24.078+05:30  INFO 3096 --- [smartbank-management-system] [Thread-7] com.zaxxer.hikari.HikariDataSource       : HikariPool-2 - Shutdown initiated...
2026-08-15T11:26:24.085+05:30  INFO 3096 --- [smartbank-management-system] [Thread-7] com.zaxxer.hikari.HikariDataSource       : HikariPool-2 - Shutdown completed.
2026-08-15T11:26:24.194+05:30  INFO 3096 --- [smartbank-management-system] [restartedMain] b.s.SmartBankManagementSystemApplication : Starting SmartBankManagementSystemApplication using Java 21.0.7 with PID 3096 (D:\yagnesh\JavaProjects\SmartBank-Management-System\SmartBank\target\classes started by Hindu in D:\yagnesh\JavaProjects\SmartBank-Management-System\SmartBank)
2026-08-15T11:26:24.195+05:30 DEBUG 3096 --- [smartbank-management-system] [restartedMain] b.s.SmartBankManagementSystemApplication : Running with Spring Boot v3.5.7, Spring v6.2.12
2026-08-15T11:26:24.195+05:30  INFO 3096 --- [smartbank-management-system] [restartedMain] b.s.SmartBankManagementSystemApplication : No active profile set, falling back to 1 default profile: "default"
2026-08-15T11:26:24.495+05:30  INFO 3096 --- [smartbank-management-system] [restartedMain] .s.d.r.c.RepositoryConfigurationDelegate : Bootstrapping Spring Data JPA repositories in DEFAULT mode.
2026-08-15T11:26:24.523+05:30  INFO 3096 --- [smartbank-management-system] [restartedMain] .s.d.r.c.RepositoryConfigurationDelegate : Finished Spring Data repository scanning in 26 ms. Found 4 JPA repository interfaces.
2026-08-15T11:26:24.759+05:30  INFO 3096 --- [smartbank-management-system] [restartedMain] o.s.b.w.embedded.tomcat.TomcatWebServer  : Tomcat initialized with port 8080 (http)
2026-08-15T11:26:24.760+05:30  INFO 3096 --- [smartbank-management-system] [restartedMain] o.apache.catalina.core.StandardService   : Starting service [Tomcat]
2026-08-15T11:26:24.760+05:30  INFO 3096 --- [smartbank-management-system] [restartedMain] o.apache.catalina.core.StandardEngine    : Starting Servlet engine: [Apache Tomcat/10.1.48]
2026-08-15T11:26:24.796+05:30  INFO 3096 --- [smartbank-management-system] [restartedMain] o.a.c.c.C.[Tomcat].[localhost].[/]       : Initializing Spring embedded WebApplicationContext
2026-08-15T11:26:24.796+05:30  INFO 3096 --- [smartbank-management-system] [restartedMain] w.s.c.ServletWebServerApplicationContext : Root WebApplicationContext: initialization completed in 597 ms
2026-08-15T11:26:24.886+05:30  INFO 3096 --- [smartbank-management-system] [restartedMain] o.hibernate.jpa.internal.util.LogHelper  : HHH000204: Processing PersistenceUnitInfo [name: default]
2026-08-15T11:26:24.893+05:30  INFO 3096 --- [smartbank-management-system] [restartedMain] o.h.c.internal.RegionFactoryInitiator    : HHH000026: Second-level cache disabled
2026-08-15T11:26:24.902+05:30  INFO 3096 --- [smartbank-management-system] [restartedMain] o.s.o.j.p.SpringPersistenceUnitInfo      : No LoadTimeWeaver setup: ignoring JPA class transformer
2026-08-15T11:26:24.904+05:30  INFO 3096 --- [smartbank-management-system] [restartedMain] com.zaxxer.hikari.HikariDataSource       : HikariPool-3 - Starting...
2026-08-15T11:26:24.928+05:30  INFO 3096 --- [smartbank-management-system] [restartedMain] com.zaxxer.hikari.pool.HikariPool        : HikariPool-3 - Added connection com.mysql.cj.jdbc.ConnectionImpl@1b343d15
2026-08-15T11:26:24.928+05:30  INFO 3096 --- [smartbank-management-system] [restartedMain] com.zaxxer.hikari.HikariDataSource       : HikariPool-3 - Start completed.
2026-08-15T11:26:24.931+05:30  INFO 3096 --- [smartbank-management-system] [restartedMain] org.hibernate.orm.connections.pooling    : HHH10001005: Database info:
	Database JDBC URL [Connecting through datasource 'HikariDataSource (HikariPool-3)']
	Database driver: undefined/unknown
	Database version: 8.0.45
	Autocommit mode: undefined/unknown
	Isolation level: undefined/unknown
	Minimum pool size: undefined/unknown
	Maximum pool size: undefined/unknown
2026-08-15T11:26:25.114+05:30  INFO 3096 --- [smartbank-management-system] [restartedMain] o.h.e.t.j.p.i.JtaPlatformInitiator       : HHH000489: No JTA platform available (set 'hibernate.transaction.jta.platform' to enable JTA platform integration)
2026-08-15T11:26:25.160+05:30  INFO 3096 --- [smartbank-management-system] [restartedMain] j.LocalContainerEntityManagerFactoryBean : Initialized JPA EntityManagerFactory for persistence unit 'default'
2026-08-15T11:26:25.379+05:30 DEBUG 3096 --- [smartbank-management-system] [restartedMain] c.b.s.security.JwtAuthenticationFilter   : Filter 'jwtAuthenticationFilter' configured for use
2026-08-15T11:26:25.843+05:30  WARN 3096 --- [smartbank-management-system] [restartedMain] JpaBaseConfiguration$JpaWebConfiguration : spring.jpa.open-in-view is enabled by default. Therefore, database queries may be performed during view rendering. Explicitly configure spring.jpa.open-in-view to disable this warning
2026-08-15T11:26:26.162+05:30  INFO 3096 --- [smartbank-management-system] [restartedMain] r$InitializeUserDetailsManagerConfigurer : Global AuthenticationManager configured with UserDetailsService bean with name userDetailsServiceImpl
2026-08-15T11:26:26.254+05:30 DEBUG 3096 --- [smartbank-management-system] [restartedMain] o.s.s.web.DefaultSecurityFilterChain     : Will secure any request with filters: DisableEncodeUrlFilter, WebAsyncManagerIntegrationFilter, SecurityContextHolderFilter, HeaderWriterFilter, CorsFilter, LogoutFilter, JwtAuthenticationFilter, RequestCacheAwareFilter, SecurityContextHolderAwareRequestFilter, AnonymousAuthenticationFilter, SessionManagementFilter, ExceptionTranslationFilter, AuthorizationFilter
2026-08-15T11:26:26.390+05:30  WARN 3096 --- [smartbank-management-system] [restartedMain] ion$DefaultTemplateResolverConfiguration : Cannot find template location: classpath:/templates/ (please add some templates, check your Thymeleaf configuration, or set spring.thymeleaf.check-template-location=false)
2026-08-15T11:26:26.575+05:30  INFO 3096 --- [smartbank-management-system] [restartedMain] o.s.b.d.a.OptionalLiveReloadServer       : LiveReload server is running on port 35729
2026-08-15T11:26:26.609+05:30  INFO 3096 --- [smartbank-management-system] [restartedMain] o.s.b.w.embedded.tomcat.TomcatWebServer  : Tomcat started on port 8080 (http) with context path '/'
2026-08-15T11:26:26.613+05:30  INFO 3096 --- [smartbank-management-system] [restartedMain] b.s.SmartBankManagementSystemApplication : Started SmartBankManagementSystemApplication in 2.449 seconds (process running for 123.386)
2026-08-15T11:26:26.668+05:30 DEBUG 3096 --- [smartbank-management-system] [restartedMain] org.hibernate.SQL                        : 
    select
        u1_0.id 
    from
        users u1_0 
    where
        u1_0.email=? 
    limit
        ?
2026-08-15T11:26:26.671+05:30  INFO 3096 --- [smartbank-management-system] [restartedMain] com.bank.smartbank.config.DataSeeder     : Admin user already exists
2026-08-15T11:26:26.673+05:30  INFO 3096 --- [smartbank-management-system] [restartedMain] .ConditionEvaluationDeltaLoggingListener : Condition evaluation unchanged
2026-08-15T11:32:01.491+05:30  INFO 3096 --- [smartbank-management-system] [http-nio-8080-exec-1] o.a.c.c.C.[Tomcat].[localhost].[/]       : Initializing Spring DispatcherServlet 'dispatcherServlet'
2026-08-15T11:32:01.491+05:30  INFO 3096 --- [smartbank-management-system] [http-nio-8080-exec-1] o.s.web.servlet.DispatcherServlet        : Initializing Servlet 'dispatcherServlet'
2026-08-15T11:32:01.492+05:30  INFO 3096 --- [smartbank-management-system] [http-nio-8080-exec-1] o.s.web.servlet.DispatcherServlet        : Completed initialization in 1 ms
2026-08-15T11:32:01.494+05:30 DEBUG 3096 --- [smartbank-management-system] [http-nio-8080-exec-1] o.s.security.web.FilterChainProxy        : Securing OPTIONS /api/auth/login
2026-08-15T11:32:01.502+05:30 DEBUG 3096 --- [smartbank-management-system] [http-nio-8080-exec-2] o.s.security.web.FilterChainProxy        : Securing POST /api/auth/login
2026-08-15T11:32:01.504+05:30 DEBUG 3096 --- [smartbank-management-system] [http-nio-8080-exec-2] o.s.s.w.a.AnonymousAuthenticationFilter  : Set SecurityContextHolder to anonymous SecurityContext
2026-08-15T11:32:01.504+05:30 DEBUG 3096 --- [smartbank-management-system] [http-nio-8080-exec-2] o.s.security.web.FilterChainProxy        : Secured POST /api/auth/login
2026-08-15T11:32:01.523+05:30 DEBUG 3096 --- [smartbank-management-system] [http-nio-8080-exec-2] org.hibernate.SQL                        : 
    select
        u1_0.id,
        u1_0.created_at,
        u1_0.email,
        u1_0.full_name,
        u1_0.is_verified,
        u1_0.password,
        u1_0.phone,
        u1_0.role 
    from
        users u1_0 
    where
        u1_0.email=?
2026-08-15T11:32:01.706+05:30  INFO 3096 --- [smartbank-management-system] [http-nio-8080-exec-2] com.bank.smartbank.service.AuthService   : User logged in: d.yagnesh555@gmail.com
2026-08-15T11:32:01.820+05:30 DEBUG 3096 --- [smartbank-management-system] [http-nio-8080-exec-3] o.s.security.web.FilterChainProxy        : Securing OPTIONS /api/accounts
2026-08-15T11:32:01.821+05:30 DEBUG 3096 --- [smartbank-management-system] [http-nio-8080-exec-4] o.s.security.web.FilterChainProxy        : Securing OPTIONS /api/accounts
2026-08-15T11:32:01.823+05:30 DEBUG 3096 --- [smartbank-management-system] [http-nio-8080-exec-5] o.s.security.web.FilterChainProxy        : Securing GET /api/accounts
2026-08-15T11:32:01.833+05:30 DEBUG 3096 --- [smartbank-management-system] [http-nio-8080-exec-5] org.hibernate.SQL                        : 
    select
        u1_0.id,
        u1_0.created_at,
        u1_0.email,
        u1_0.full_name,
        u1_0.is_verified,
        u1_0.password,
        u1_0.phone,
        u1_0.role 
    from
        users u1_0 
    where
        u1_0.id=?
2026-08-15T11:32:01.838+05:30 DEBUG 3096 --- [smartbank-management-system] [http-nio-8080-exec-5] o.s.security.web.FilterChainProxy        : Secured GET /api/accounts
2026-08-15T11:32:01.840+05:30 DEBUG 3096 --- [smartbank-management-system] [http-nio-8080-exec-5] org.hibernate.SQL                        : 
    select
        u1_0.id,
        u1_0.created_at,
        u1_0.email,
        u1_0.full_name,
        u1_0.is_verified,
        u1_0.password,
        u1_0.phone,
        u1_0.role 
    from
        users u1_0 
    where
        u1_0.email=?
2026-08-15T11:32:01.848+05:30 DEBUG 3096 --- [smartbank-management-system] [http-nio-8080-exec-5] org.hibernate.SQL                        : 
    select
        count(*) 
    from
        users u1_0 
    where
        u1_0.id=?
2026-08-15T11:32:01.852+05:30 DEBUG 3096 --- [smartbank-management-system] [http-nio-8080-exec-5] org.hibernate.SQL                        : 
    select
        a1_0.id,
        a1_0.account_number,
        a1_0.balance,
        a1_0.created_at,
        a1_0.status,
        a1_0.type,
        a1_0.user_id 
    from
        accounts a1_0 
    left join
        users u1_0 
            on u1_0.id=a1_0.user_id 
    where
        u1_0.id=?
2026-08-15T11:32:01.869+05:30 DEBUG 3096 --- [smartbank-management-system] [http-nio-8080-exec-6] o.s.security.web.FilterChainProxy        : Securing GET /api/accounts
2026-08-15T11:32:01.871+05:30 DEBUG 3096 --- [smartbank-management-system] [http-nio-8080-exec-7] o.s.security.web.FilterChainProxy        : Securing OPTIONS /api/transactions/ACC20260507120132769/recent
2026-08-15T11:32:01.873+05:30 DEBUG 3096 --- [smartbank-management-system] [http-nio-8080-exec-6] org.hibernate.SQL                        : 
    select
        u1_0.id,
        u1_0.created_at,
        u1_0.email,
        u1_0.full_name,
        u1_0.is_verified,
        u1_0.password,
        u1_0.phone,
        u1_0.role 
    from
        users u1_0 
    where
        u1_0.id=?
2026-08-15T11:32:01.875+05:30 DEBUG 3096 --- [smartbank-management-system] [http-nio-8080-exec-8] o.s.security.web.FilterChainProxy        : Securing GET /api/transactions/ACC20260507120132769/recent
2026-08-15T11:32:01.877+05:30 DEBUG 3096 --- [smartbank-management-system] [http-nio-8080-exec-6] o.s.security.web.FilterChainProxy        : Secured GET /api/accounts
2026-08-15T11:32:01.880+05:30 DEBUG 3096 --- [smartbank-management-system] [http-nio-8080-exec-6] org.hibernate.SQL                        : 
    select
        u1_0.id,
        u1_0.created_at,
        u1_0.email,
        u1_0.full_name,
        u1_0.is_verified,
        u1_0.password,
        u1_0.phone,
        u1_0.role 
    from
        users u1_0 
    where
        u1_0.email=?
2026-08-15T11:32:01.881+05:30 DEBUG 3096 --- [smartbank-management-system] [http-nio-8080-exec-8] org.hibernate.SQL                        : 
    select
        u1_0.id,
        u1_0.created_at,
        u1_0.email,
        u1_0.full_name,
        u1_0.is_verified,
        u1_0.password,
        u1_0.phone,
        u1_0.role 
    from
        users u1_0 
    where
        u1_0.id=?
2026-08-15T11:32:01.885+05:30 DEBUG 3096 --- [smartbank-management-system] [http-nio-8080-exec-8] o.s.security.web.FilterChainProxy        : Secured GET /api/transactions/ACC20260507120132769/recent
2026-08-15T11:32:01.886+05:30 DEBUG 3096 --- [smartbank-management-system] [http-nio-8080-exec-6] org.hibernate.SQL                        : 
    select
        count(*) 
    from
        users u1_0 
    where
        u1_0.id=?
2026-08-15T11:32:01.890+05:30 DEBUG 3096 --- [smartbank-management-system] [http-nio-8080-exec-8] org.hibernate.SQL                        : 
    select
        u1_0.id,
        u1_0.created_at,
        u1_0.email,
        u1_0.full_name,
        u1_0.is_verified,
        u1_0.password,
        u1_0.phone,
        u1_0.role 
    from
        users u1_0 
    where
        u1_0.email=?
2026-08-15T11:32:01.890+05:30 DEBUG 3096 --- [smartbank-management-system] [http-nio-8080-exec-6] org.hibernate.SQL                        : 
    select
        a1_0.id,
        a1_0.account_number,
        a1_0.balance,
        a1_0.created_at,
        a1_0.status,
        a1_0.type,
        a1_0.user_id 
    from
        accounts a1_0 
    left join
        users u1_0 
            on u1_0.id=a1_0.user_id 
    where
        u1_0.id=?
2026-08-15T11:32:01.897+05:30 DEBUG 3096 --- [smartbank-management-system] [http-nio-8080-exec-8] org.hibernate.SQL                        : 
    select
        a1_0.id,
        a1_0.account_number,
        a1_0.balance,
        a1_0.created_at,
        a1_0.status,
        a1_0.type,
        a1_0.user_id 
    from
        accounts a1_0 
    where
        a1_0.account_number=?
2026-08-15T11:32:01.905+05:30 DEBUG 3096 --- [smartbank-management-system] [http-nio-8080-exec-8] org.hibernate.SQL                        : 
    select
        a1_0.id,
        a1_0.account_number,
        a1_0.balance,
        a1_0.created_at,
        a1_0.status,
        a1_0.type,
        a1_0.user_id 
    from
        accounts a1_0 
    where
        a1_0.account_number=?
2026-08-15T11:32:01.909+05:30 DEBUG 3096 --- [smartbank-management-system] [http-nio-8080-exec-8] org.hibernate.SQL                        : 
    select
        t1_0.id,
        t1_0.account_id,
        t1_0.amount,
        t1_0.balance_after,
        t1_0.created_at,
        t1_0.description,
        t1_0.reference_account,
        t1_0.transaction_ref,
        t1_0.type 
    from
        transactions t1_0 
    where
        t1_0.account_id=? 
    order by
        t1_0.created_at desc
2026-08-15T11:32:01.925+05:30 DEBUG 3096 --- [smartbank-management-system] [http-nio-8080-exec-9] o.s.security.web.FilterChainProxy        : Securing GET /api/transactions/ACC20260507120132769/recent
2026-08-15T11:32:01.930+05:30 DEBUG 3096 --- [smartbank-management-system] [http-nio-8080-exec-9] org.hibernate.SQL                        : 
    select
        u1_0.id,
        u1_0.created_at,
        u1_0.email,
        u1_0.full_name,
        u1_0.is_verified,
        u1_0.password,
        u1_0.phone,
        u1_0.role 
    from
        users u1_0 
    where
        u1_0.id=?
2026-08-15T11:32:01.934+05:30 DEBUG 3096 --- [smartbank-management-system] [http-nio-8080-exec-9] o.s.security.web.FilterChainProxy        : Secured GET /api/transactions/ACC20260507120132769/recent
2026-08-15T11:32:01.936+05:30 DEBUG 3096 --- [smartbank-management-system] [http-nio-8080-exec-9] org.hibernate.SQL                        : 
    select
        u1_0.id,
        u1_0.created_at,
        u1_0.email,
        u1_0.full_name,
        u1_0.is_verified,
        u1_0.password,
        u1_0.phone,
        u1_0.role 
    from
        users u1_0 
    where
        u1_0.email=?
2026-08-15T11:32:01.942+05:30 DEBUG 3096 --- [smartbank-management-system] [http-nio-8080-exec-9] org.hibernate.SQL                        : 
    select
        a1_0.id,
        a1_0.account_number,
        a1_0.balance,
        a1_0.created_at,
        a1_0.status,
        a1_0.type,
        a1_0.user_id 
    from
        accounts a1_0 
    where
        a1_0.account_number=?
2026-08-15T11:32:01.951+05:30 DEBUG 3096 --- [smartbank-management-system] [http-nio-8080-exec-9] org.hibernate.SQL                        : 
    select
        a1_0.id,
        a1_0.account_number,
        a1_0.balance,
        a1_0.created_at,
        a1_0.status,
        a1_0.type,
        a1_0.user_id 
    from
        accounts a1_0 
    where
        a1_0.account_number=?
2026-08-15T11:32:01.955+05:30 DEBUG 3096 --- [smartbank-management-system] [http-nio-8080-exec-9] org.hibernate.SQL                        : 
    select
        t1_0.id,
        t1_0.account_id,
        t1_0.amount,
        t1_0.balance_after,
        t1_0.created_at,
        t1_0.description,
        t1_0.reference_account,
        t1_0.transaction_ref,
        t1_0.type 
    from
        transactions t1_0 
    where
        t1_0.account_id=? 
    order by
        t1_0.created_at desc
2026-08-15T11:32:13.892+05:30 DEBUG 3096 --- [smartbank-management-system] [http-nio-8080-exec-10] o.s.security.web.FilterChainProxy        : Securing OPTIONS /api/accounts
2026-08-15T11:32:13.892+05:30 DEBUG 3096 --- [smartbank-management-system] [http-nio-8080-exec-1] o.s.security.web.FilterChainProxy        : Securing OPTIONS /api/accounts
2026-08-15T11:32:13.899+05:30 DEBUG 3096 --- [smartbank-management-system] [http-nio-8080-exec-2] o.s.security.web.FilterChainProxy        : Securing GET /api/accounts
2026-08-15T11:32:13.906+05:30 DEBUG 3096 --- [smartbank-management-system] [http-nio-8080-exec-2] org.hibernate.SQL                        : 
    select
        u1_0.id,
        u1_0.created_at,
        u1_0.email,
        u1_0.full_name,
        u1_0.is_verified,
        u1_0.password,
        u1_0.phone,
        u1_0.role 
    from
        users u1_0 
    where
        u1_0.id=?
2026-08-15T11:32:13.910+05:30 DEBUG 3096 --- [smartbank-management-system] [http-nio-8080-exec-2] o.s.security.web.FilterChainProxy        : Secured GET /api/accounts
2026-08-15T11:32:13.912+05:30 DEBUG 3096 --- [smartbank-management-system] [http-nio-8080-exec-2] org.hibernate.SQL                        : 
    select
        u1_0.id,
        u1_0.created_at,
        u1_0.email,
        u1_0.full_name,
        u1_0.is_verified,
        u1_0.password,
        u1_0.phone,
        u1_0.role 
    from
        users u1_0 
    where
        u1_0.email=?
2026-08-15T11:32:13.919+05:30 DEBUG 3096 --- [smartbank-management-system] [http-nio-8080-exec-2] org.hibernate.SQL                        : 
    select
        count(*) 
    from
        users u1_0 
    where
        u1_0.id=?
2026-08-15T11:32:13.922+05:30 DEBUG 3096 --- [smartbank-management-system] [http-nio-8080-exec-2] org.hibernate.SQL                        : 
    select
        a1_0.id,
        a1_0.account_number,
        a1_0.balance,
        a1_0.created_at,
        a1_0.status,
        a1_0.type,
        a1_0.user_id 
    from
        accounts a1_0 
    left join
        users u1_0 
            on u1_0.id=a1_0.user_id 
    where
        u1_0.id=?
2026-08-15T11:32:13.930+05:30 DEBUG 3096 --- [smartbank-management-system] [http-nio-8080-exec-3] o.s.security.web.FilterChainProxy        : Securing GET /api/accounts
2026-08-15T11:32:13.935+05:30 DEBUG 3096 --- [smartbank-management-system] [http-nio-8080-exec-3] org.hibernate.SQL                        : 
    select
        u1_0.id,
        u1_0.created_at,
        u1_0.email,
        u1_0.full_name,
        u1_0.is_verified,
        u1_0.password,
        u1_0.phone,
        u1_0.role 
    from
        users u1_0 
    where
        u1_0.id=?
2026-08-15T11:32:13.939+05:30 DEBUG 3096 --- [smartbank-management-system] [http-nio-8080-exec-3] o.s.security.web.FilterChainProxy        : Secured GET /api/accounts
2026-08-15T11:32:13.941+05:30 DEBUG 3096 --- [smartbank-management-system] [http-nio-8080-exec-3] org.hibernate.SQL                        : 
    select
        u1_0.id,
        u1_0.created_at,
        u1_0.email,
        u1_0.full_name,
        u1_0.is_verified,
        u1_0.password,
        u1_0.phone,
        u1_0.role 
    from
        users u1_0 
    where
        u1_0.email=?
2026-08-15T11:32:13.945+05:30 DEBUG 3096 --- [smartbank-management-system] [http-nio-8080-exec-3] org.hibernate.SQL                        : 
    select
        count(*) 
    from
        users u1_0 
    where
        u1_0.id=?
2026-08-15T11:32:13.948+05:30 DEBUG 3096 --- [smartbank-management-system] [http-nio-8080-exec-3] org.hibernate.SQL                        : 
    select
        a1_0.id,
        a1_0.account_number,
        a1_0.balance,
        a1_0.created_at,
        a1_0.status,
        a1_0.type,
        a1_0.user_id 
    from
        accounts a1_0 
    left join
        users u1_0 
            on u1_0.id=a1_0.user_id 
    where
        u1_0.id=?
2026-08-15T11:32:16.512+05:30 DEBUG 3096 --- [smartbank-management-system] [http-nio-8080-exec-4] o.s.security.web.FilterChainProxy        : Securing GET /api/accounts
2026-08-15T11:32:16.523+05:30 DEBUG 3096 --- [smartbank-management-system] [http-nio-8080-exec-4] org.hibernate.SQL                        : 
    select
        u1_0.id,
        u1_0.created_at,
        u1_0.email,
        u1_0.full_name,
        u1_0.is_verified,
        u1_0.password,
        u1_0.phone,
        u1_0.role 
    from
        users u1_0 
    where
        u1_0.id=?
2026-08-15T11:32:16.526+05:30 DEBUG 3096 --- [smartbank-management-system] [http-nio-8080-exec-4] o.s.security.web.FilterChainProxy        : Secured GET /api/accounts
2026-08-15T11:32:16.530+05:30 DEBUG 3096 --- [smartbank-management-system] [http-nio-8080-exec-4] org.hibernate.SQL                        : 
    select
        u1_0.id,
        u1_0.created_at,
        u1_0.email,
        u1_0.full_name,
        u1_0.is_verified,
        u1_0.password,
        u1_0.phone,
        u1_0.role 
    from
        users u1_0 
    where
        u1_0.email=?
2026-08-15T11:32:16.535+05:30 DEBUG 3096 --- [smartbank-management-system] [http-nio-8080-exec-4] org.hibernate.SQL                        : 
    select
        count(*) 
    from
        users u1_0 
    where
        u1_0.id=?
2026-08-15T11:32:16.539+05:30 DEBUG 3096 --- [smartbank-management-system] [http-nio-8080-exec-4] org.hibernate.SQL                        : 
    select
        a1_0.id,
        a1_0.account_number,
        a1_0.balance,
        a1_0.created_at,
        a1_0.status,
        a1_0.type,
        a1_0.user_id 
    from
        accounts a1_0 
    left join
        users u1_0 
            on u1_0.id=a1_0.user_id 
    where
        u1_0.id=?
2026-08-15T11:32:16.549+05:30 DEBUG 3096 --- [smartbank-management-system] [http-nio-8080-exec-5] o.s.security.web.FilterChainProxy        : Securing GET /api/accounts
2026-08-15T11:32:16.554+05:30 DEBUG 3096 --- [smartbank-management-system] [http-nio-8080-exec-5] org.hibernate.SQL                        : 
    select
        u1_0.id,
        u1_0.created_at,
        u1_0.email,
        u1_0.full_name,
        u1_0.is_verified,
        u1_0.password,
        u1_0.phone,
        u1_0.role 
    from
        users u1_0 
    where
        u1_0.id=?
2026-08-15T11:32:16.558+05:30 DEBUG 3096 --- [smartbank-management-system] [http-nio-8080-exec-5] o.s.security.web.FilterChainProxy        : Secured GET /api/accounts
2026-08-15T11:32:16.560+05:30 DEBUG 3096 --- [smartbank-management-system] [http-nio-8080-exec-5] org.hibernate.SQL                        : 
    select
        u1_0.id,
        u1_0.created_at,
        u1_0.email,
        u1_0.full_name,
        u1_0.is_verified,
        u1_0.password,
        u1_0.phone,
        u1_0.role 
    from
        users u1_0 
    where
        u1_0.email=?
2026-08-15T11:32:16.565+05:30 DEBUG 3096 --- [smartbank-management-system] [http-nio-8080-exec-5] org.hibernate.SQL                        : 
    select
        count(*) 
    from
        users u1_0 
    where
        u1_0.id=?
2026-08-15T11:32:16.569+05:30 DEBUG 3096 --- [smartbank-management-system] [http-nio-8080-exec-5] org.hibernate.SQL                        : 
    select
        a1_0.id,
        a1_0.account_number,
        a1_0.balance,
        a1_0.created_at,
        a1_0.status,
        a1_0.type,
        a1_0.user_id 
    from
        accounts a1_0 
    left join
        users u1_0 
            on u1_0.id=a1_0.user_id 
    where
        u1_0.id=?
2026-08-15T11:32:16.590+05:30 DEBUG 3096 --- [smartbank-management-system] [http-nio-8080-exec-7] o.s.security.web.FilterChainProxy        : Securing OPTIONS /api/transactions/ACC20260507120132769
2026-08-15T11:32:16.591+05:30 DEBUG 3096 --- [smartbank-management-system] [http-nio-8080-exec-6] o.s.security.web.FilterChainProxy        : Securing OPTIONS /api/transactions/ACC20260507120132769
2026-08-15T11:32:16.594+05:30 DEBUG 3096 --- [smartbank-management-system] [http-nio-8080-exec-8] o.s.security.web.FilterChainProxy        : Securing GET /api/transactions/ACC20260507120132769
2026-08-15T11:32:16.602+05:30 DEBUG 3096 --- [smartbank-management-system] [http-nio-8080-exec-8] org.hibernate.SQL                        : 
    select
        u1_0.id,
        u1_0.created_at,
        u1_0.email,
        u1_0.full_name,
        u1_0.is_verified,
        u1_0.password,
        u1_0.phone,
        u1_0.role 
    from
        users u1_0 
    where
        u1_0.id=?
2026-08-15T11:32:16.605+05:30 DEBUG 3096 --- [smartbank-management-system] [http-nio-8080-exec-8] o.s.security.web.FilterChainProxy        : Secured GET /api/transactions/ACC20260507120132769
2026-08-15T11:32:16.608+05:30 DEBUG 3096 --- [smartbank-management-system] [http-nio-8080-exec-8] org.hibernate.SQL                        : 
    select
        u1_0.id,
        u1_0.created_at,
        u1_0.email,
        u1_0.full_name,
        u1_0.is_verified,
        u1_0.password,
        u1_0.phone,
        u1_0.role 
    from
        users u1_0 
    where
        u1_0.email=?
2026-08-15T11:32:16.614+05:30 DEBUG 3096 --- [smartbank-management-system] [http-nio-8080-exec-8] org.hibernate.SQL                        : 
    select
        a1_0.id,
        a1_0.account_number,
        a1_0.balance,
        a1_0.created_at,
        a1_0.status,
        a1_0.type,
        a1_0.user_id 
    from
        accounts a1_0 
    where
        a1_0.account_number=?
2026-08-15T11:32:16.621+05:30 DEBUG 3096 --- [smartbank-management-system] [http-nio-8080-exec-8] org.hibernate.SQL                        : 
    select
        a1_0.id,
        a1_0.account_number,
        a1_0.balance,
        a1_0.created_at,
        a1_0.status,
        a1_0.type,
        a1_0.user_id 
    from
        accounts a1_0 
    where
        a1_0.account_number=?
2026-08-15T11:32:16.625+05:30 DEBUG 3096 --- [smartbank-management-system] [http-nio-8080-exec-8] org.hibernate.SQL                        : 
    select
        t1_0.id,
        t1_0.account_id,
        t1_0.amount,
        t1_0.balance_after,
        t1_0.created_at,
        t1_0.description,
        t1_0.reference_account,
        t1_0.transaction_ref,
        t1_0.type 
    from
        transactions t1_0 
    where
        t1_0.account_id=? 
    order by
        t1_0.created_at desc
2026-08-15T11:32:16.634+05:30 DEBUG 3096 --- [smartbank-management-system] [http-nio-8080-exec-8] o.s.security.web.FilterChainProxy        : Securing GET /api/transactions/ACC20260507120132769
2026-08-15T11:32:16.637+05:30 DEBUG 3096 --- [smartbank-management-system] [http-nio-8080-exec-8] org.hibernate.SQL                        : 
    select
        u1_0.id,
        u1_0.created_at,
        u1_0.email,
        u1_0.full_name,
        u1_0.is_verified,
        u1_0.password,
        u1_0.phone,
        u1_0.role 
    from
        users u1_0 
    where
        u1_0.id=?
2026-08-15T11:32:16.640+05:30 DEBUG 3096 --- [smartbank-management-system] [http-nio-8080-exec-8] o.s.security.web.FilterChainProxy        : Secured GET /api/transactions/ACC20260507120132769
2026-08-15T11:32:16.643+05:30 DEBUG 3096 --- [smartbank-management-system] [http-nio-8080-exec-8] org.hibernate.SQL                        : 
    select
        u1_0.id,
        u1_0.created_at,
        u1_0.email,
        u1_0.full_name,
        u1_0.is_verified,
        u1_0.password,
        u1_0.phone,
        u1_0.role 
    from
        users u1_0 
    where
        u1_0.email=?
2026-08-15T11:32:16.648+05:30 DEBUG 3096 --- [smartbank-management-system] [http-nio-8080-exec-8] org.hibernate.SQL                        : 
    select
        a1_0.id,
        a1_0.account_number,
        a1_0.balance,
        a1_0.created_at,
        a1_0.status,
        a1_0.type,
        a1_0.user_id 
    from
        accounts a1_0 
    where
        a1_0.account_number=?
2026-08-15T11:32:16.654+05:30 DEBUG 3096 --- [smartbank-management-system] [http-nio-8080-exec-8] org.hibernate.SQL                        : 
    select
        a1_0.id,
        a1_0.account_number,
        a1_0.balance,
        a1_0.created_at,
        a1_0.status,
        a1_0.type,
        a1_0.user_id 
    from
        accounts a1_0 
    where
        a1_0.account_number=?
2026-08-15T11:32:16.658+05:30 DEBUG 3096 --- [smartbank-management-system] [http-nio-8080-exec-8] org.hibernate.SQL                        : 
    select
        t1_0.id,
        t1_0.account_id,
        t1_0.amount,
        t1_0.balance_after,
        t1_0.created_at,
        t1_0.description,
        t1_0.reference_account,
        t1_0.transaction_ref,
        t1_0.type 
    from
        transactions t1_0 
    where
        t1_0.account_id=? 
    order by
        t1_0.created_at desc
2026-08-15T11:32:18.337+05:30 DEBUG 3096 --- [smartbank-management-system] [http-nio-8080-exec-10] o.s.security.web.FilterChainProxy        : Securing OPTIONS /api/loans
2026-08-15T11:32:18.338+05:30 DEBUG 3096 --- [smartbank-management-system] [http-nio-8080-exec-1] o.s.security.web.FilterChainProxy        : Securing OPTIONS /api/loans
2026-08-15T11:32:18.343+05:30 DEBUG 3096 --- [smartbank-management-system] [http-nio-8080-exec-2] o.s.security.web.FilterChainProxy        : Securing GET /api/loans
2026-08-15T11:32:18.348+05:30 DEBUG 3096 --- [smartbank-management-system] [http-nio-8080-exec-2] org.hibernate.SQL                        : 
    select
        u1_0.id,
        u1_0.created_at,
        u1_0.email,
        u1_0.full_name,
        u1_0.is_verified,
        u1_0.password,
        u1_0.phone,
        u1_0.role 
    from
        users u1_0 
    where
        u1_0.id=?
2026-08-15T11:32:18.353+05:30 DEBUG 3096 --- [smartbank-management-system] [http-nio-8080-exec-2] o.s.security.web.FilterChainProxy        : Secured GET /api/loans
2026-08-15T11:32:18.355+05:30 DEBUG 3096 --- [smartbank-management-system] [http-nio-8080-exec-2] org.hibernate.SQL                        : 
    select
        u1_0.id,
        u1_0.created_at,
        u1_0.email,
        u1_0.full_name,
        u1_0.is_verified,
        u1_0.password,
        u1_0.phone,
        u1_0.role 
    from
        users u1_0 
    where
        u1_0.email=?
2026-08-15T11:32:18.359+05:30 DEBUG 3096 --- [smartbank-management-system] [http-nio-8080-exec-2] org.hibernate.SQL                        : 
    select
        count(*) 
    from
        users u1_0 
    where
        u1_0.id=?
2026-08-15T11:32:18.365+05:30 DEBUG 3096 --- [smartbank-management-system] [http-nio-8080-exec-2] org.hibernate.SQL                        : 
    select
        l1_0.id,
        l1_0.amount,
        l1_0.applied_date,
        l1_0.approved_by,
        l1_0.approved_date,
        l1_0.disbursed_date,
        l1_0.emi_amount,
        l1_0.interest_rate,
        l1_0.loan_number,
        l1_0.purpose,
        l1_0.rejection_reason,
        l1_0.status,
        l1_0.tenure_months,
        l1_0.user_id 
    from
        loans l1_0 
    left join
        users u1_0 
            on u1_0.id=l1_0.user_id 
    where
        u1_0.id=? 
    order by
        l1_0.applied_date desc
2026-08-15T11:32:18.385+05:30 DEBUG 3096 --- [smartbank-management-system] [http-nio-8080-exec-3] o.s.security.web.FilterChainProxy        : Securing GET /api/loans
2026-08-15T11:32:18.388+05:30 DEBUG 3096 --- [smartbank-management-system] [http-nio-8080-exec-3] org.hibernate.SQL                        : 
    select
        u1_0.id,
        u1_0.created_at,
        u1_0.email,
        u1_0.full_name,
        u1_0.is_verified,
        u1_0.password,
        u1_0.phone,
        u1_0.role 
    from
        users u1_0 
    where
        u1_0.id=?
2026-08-15T11:32:18.391+05:30 DEBUG 3096 --- [smartbank-management-system] [http-nio-8080-exec-3] o.s.security.web.FilterChainProxy        : Secured GET /api/loans
2026-08-15T11:32:18.394+05:30 DEBUG 3096 --- [smartbank-management-system] [http-nio-8080-exec-3] org.hibernate.SQL                        : 
    select
        u1_0.id,
        u1_0.created_at,
        u1_0.email,
        u1_0.full_name,
        u1_0.is_verified,
        u1_0.password,
        u1_0.phone,
        u1_0.role 
    from
        users u1_0 
    where
        u1_0.email=?
2026-08-15T11:32:18.398+05:30 DEBUG 3096 --- [smartbank-management-system] [http-nio-8080-exec-3] org.hibernate.SQL                        : 
    select
        count(*) 
    from
        users u1_0 
    where
        u1_0.id=?
2026-08-15T11:32:18.402+05:30 DEBUG 3096 --- [smartbank-management-system] [http-nio-8080-exec-3] org.hibernate.SQL                        : 
    select
        l1_0.id,
        l1_0.amount,
        l1_0.applied_date,
        l1_0.approved_by,
        l1_0.approved_date,
        l1_0.disbursed_date,
        l1_0.emi_amount,
        l1_0.interest_rate,
        l1_0.loan_number,
        l1_0.purpose,
        l1_0.rejection_reason,
        l1_0.status,
        l1_0.tenure_months,
        l1_0.user_id 
    from
        loans l1_0 
    left join
        users u1_0 
            on u1_0.id=l1_0.user_id 
    where
        u1_0.id=? 
    order by
        l1_0.applied_date desc
2026-08-15T11:34:23.943+05:30 DEBUG 3096 --- [smartbank-management-system] [http-nio-8080-exec-7] o.s.security.web.FilterChainProxy        : Securing OPTIONS /api/auth/register
2026-08-15T11:34:23.947+05:30 DEBUG 3096 --- [smartbank-management-system] [http-nio-8080-exec-6] o.s.security.web.FilterChainProxy        : Securing POST /api/auth/register
2026-08-15T11:34:23.947+05:30 DEBUG 3096 --- [smartbank-management-system] [http-nio-8080-exec-6] o.s.s.w.a.AnonymousAuthenticationFilter  : Set SecurityContextHolder to anonymous SecurityContext
2026-08-15T11:34:23.947+05:30 DEBUG 3096 --- [smartbank-management-system] [http-nio-8080-exec-6] o.s.security.web.FilterChainProxy        : Secured POST /api/auth/register
2026-08-15T11:34:23.976+05:30 DEBUG 3096 --- [smartbank-management-system] [http-nio-8080-exec-6] org.hibernate.SQL                        : 
    select
        u1_0.id 
    from
        users u1_0 
    where
        u1_0.email=? 
    limit
        ?
2026-08-15T11:34:24.188+05:30 DEBUG 3096 --- [smartbank-management-system] [http-nio-8080-exec-6] org.hibernate.SQL                        : 
    insert 
    into
        users
        (created_at, email, full_name, is_verified, password, phone, role) 
    values
        (?, ?, ?, ?, ?, ?, ?)
2026-08-15T11:34:24.257+05:30  INFO 3096 --- [smartbank-management-system] [http-nio-8080-exec-6] com.bank.smartbank.service.AuthService   : User registered: stylishH@gmail.com
2026-08-15T11:34:24.257+05:30 DEBUG 3096 --- [smartbank-management-system] [http-nio-8080-exec-6] com.bank.smartbank.service.AuthService   : OTP sent: 787303
2026-08-15T11:35:02.217+05:30 DEBUG 3096 --- [smartbank-management-system] [http-nio-8080-exec-9] o.s.security.web.FilterChainProxy        : Securing OPTIONS /api/auth/register
2026-08-15T11:35:02.221+05:30 DEBUG 3096 --- [smartbank-management-system] [http-nio-8080-exec-8] o.s.security.web.FilterChainProxy        : Securing POST /api/auth/register
2026-08-15T11:35:02.222+05:30 DEBUG 3096 --- [smartbank-management-system] [http-nio-8080-exec-8] o.s.s.w.a.AnonymousAuthenticationFilter  : Set SecurityContextHolder to anonymous SecurityContext
2026-08-15T11:35:02.222+05:30 DEBUG 3096 --- [smartbank-management-system] [http-nio-8080-exec-8] o.s.security.web.FilterChainProxy        : Secured POST /api/auth/register
2026-08-15T11:35:02.227+05:30 DEBUG 3096 --- [smartbank-management-system] [http-nio-8080-exec-8] org.hibernate.SQL                        : 
    select
        u1_0.id 
    from
        users u1_0 
    where
        u1_0.email=? 
    limit
        ?
2026-08-15T11:35:02.364+05:30 DEBUG 3096 --- [smartbank-management-system] [http-nio-8080-exec-8] org.hibernate.SQL                        : 
    insert 
    into
        users
        (created_at, email, full_name, is_verified, password, phone, role) 
    values
        (?, ?, ?, ?, ?, ?, ?)
2026-08-15T11:35:02.370+05:30  INFO 3096 --- [smartbank-management-system] [http-nio-8080-exec-8] com.bank.smartbank.service.AuthService   : User registered: 555@gmail.com
2026-08-15T11:35:02.370+05:30 DEBUG 3096 --- [smartbank-management-system] [http-nio-8080-exec-8] com.bank.smartbank.service.AuthService   : OTP sent: 011772
2026-08-15T11:36:40.981+05:30  INFO 3096 --- [smartbank-management-system] [File Watcher] rtingClassPathChangeChangedEventListener : Restarting due to 1 class path change (0 additions, 0 deletions, 1 modification)
2026-08-15T11:36:40.984+05:30  INFO 3096 --- [smartbank-management-system] [Thread-11] o.s.b.w.e.tomcat.GracefulShutdown        : Commencing graceful shutdown. Waiting for active requests to complete
2026-08-15T11:36:40.999+05:30  INFO 3096 --- [smartbank-management-system] [tomcat-shutdown] o.s.b.w.e.tomcat.GracefulShutdown        : Graceful shutdown complete
2026-08-15T11:36:41.003+05:30  INFO 3096 --- [smartbank-management-system] [Thread-11] j.LocalContainerEntityManagerFactoryBean : Closing JPA EntityManagerFactory for persistence unit 'default'
2026-08-15T11:36:41.006+05:30  INFO 3096 --- [smartbank-management-system] [Thread-11] com.zaxxer.hikari.HikariDataSource       : HikariPool-3 - Shutdown initiated...
2026-08-15T11:36:41.012+05:30  INFO 3096 --- [smartbank-management-system] [Thread-11] com.zaxxer.hikari.HikariDataSource       : HikariPool-3 - Shutdown completed.
2026-08-15T11:36:41.156+05:30  INFO 3096 --- [smartbank-management-system] [restartedMain] b.s.SmartBankManagementSystemApplication : Starting SmartBankManagementSystemApplication using Java 21.0.7 with PID 3096 (D:\yagnesh\JavaProjects\SmartBank-Management-System\SmartBank\target\classes started by Hindu in D:\yagnesh\JavaProjects\SmartBank-Management-System\SmartBank)
2026-08-15T11:36:41.156+05:30 DEBUG 3096 --- [smartbank-management-system] [restartedMain] b.s.SmartBankManagementSystemApplication : Running with Spring Boot v3.5.7, Spring v6.2.12
2026-08-15T11:36:41.157+05:30  INFO 3096 --- [smartbank-management-system] [restartedMain] b.s.SmartBankManagementSystemApplication : No active profile set, falling back to 1 default profile: "default"
2026-08-15T11:36:41.415+05:30  INFO 3096 --- [smartbank-management-system] [restartedMain] .s.d.r.c.RepositoryConfigurationDelegate : Bootstrapping Spring Data JPA repositories in DEFAULT mode.
2026-08-15T11:36:41.439+05:30  INFO 3096 --- [smartbank-management-system] [restartedMain] .s.d.r.c.RepositoryConfigurationDelegate : Finished Spring Data repository scanning in 23 ms. Found 4 JPA repository interfaces.
2026-08-15T11:36:41.576+05:30  INFO 3096 --- [smartbank-management-system] [restartedMain] o.s.b.w.embedded.tomcat.TomcatWebServer  : Tomcat initialized with port 8080 (http)
2026-08-15T11:36:41.578+05:30  INFO 3096 --- [smartbank-management-system] [restartedMain] o.apache.catalina.core.StandardService   : Starting service [Tomcat]
2026-08-15T11:36:41.578+05:30  INFO 3096 --- [smartbank-management-system] [restartedMain] o.apache.catalina.core.StandardEngine    : Starting Servlet engine: [Apache Tomcat/10.1.48]
2026-08-15T11:36:41.595+05:30  INFO 3096 --- [smartbank-management-system] [restartedMain] o.a.c.c.C.[Tomcat].[localhost].[/]       : Initializing Spring embedded WebApplicationContext
2026-08-15T11:36:41.595+05:30  INFO 3096 --- [smartbank-management-system] [restartedMain] w.s.c.ServletWebServerApplicationContext : Root WebApplicationContext: initialization completed in 436 ms
2026-08-15T11:36:41.656+05:30  INFO 3096 --- [smartbank-management-system] [restartedMain] o.hibernate.jpa.internal.util.LogHelper  : HHH000204: Processing PersistenceUnitInfo [name: default]
2026-08-15T11:36:41.659+05:30  INFO 3096 --- [smartbank-management-system] [restartedMain] o.h.c.internal.RegionFactoryInitiator    : HHH000026: Second-level cache disabled
2026-08-15T11:36:41.667+05:30  INFO 3096 --- [smartbank-management-system] [restartedMain] o.s.o.j.p.SpringPersistenceUnitInfo      : No LoadTimeWeaver setup: ignoring JPA class transformer
2026-08-15T11:36:41.668+05:30  INFO 3096 --- [smartbank-management-system] [restartedMain] com.zaxxer.hikari.HikariDataSource       : HikariPool-4 - Starting...
2026-08-15T11:36:41.689+05:30  INFO 3096 --- [smartbank-management-system] [restartedMain] com.zaxxer.hikari.pool.HikariPool        : HikariPool-4 - Added connection com.mysql.cj.jdbc.ConnectionImpl@3b9680
2026-08-15T11:36:41.689+05:30  INFO 3096 --- [smartbank-management-system] [restartedMain] com.zaxxer.hikari.HikariDataSource       : HikariPool-4 - Start completed.
2026-08-15T11:36:41.691+05:30  INFO 3096 --- [smartbank-management-system] [restartedMain] org.hibernate.orm.connections.pooling    : HHH10001005: Database info:
	Database JDBC URL [Connecting through datasource 'HikariDataSource (HikariPool-4)']
	Database driver: undefined/unknown
	Database version: 8.0.45
	Autocommit mode: undefined/unknown
	Isolation level: undefined/unknown
	Minimum pool size: undefined/unknown
	Maximum pool size: undefined/unknown
2026-08-15T11:36:41.786+05:30  INFO 3096 --- [smartbank-management-system] [restartedMain] o.h.e.t.j.p.i.JtaPlatformInitiator       : HHH000489: No JTA platform available (set 'hibernate.transaction.jta.platform' to enable JTA platform integration)
2026-08-15T11:36:41.822+05:30  INFO 3096 --- [smartbank-management-system] [restartedMain] j.LocalContainerEntityManagerFactoryBean : Initialized JPA EntityManagerFactory for persistence unit 'default'
2026-08-15T11:36:41.952+05:30 DEBUG 3096 --- [smartbank-management-system] [restartedMain] c.b.s.security.JwtAuthenticationFilter   : Filter 'jwtAuthenticationFilter' configured for use
2026-08-15T11:36:42.127+05:30  WARN 3096 --- [smartbank-management-system] [restartedMain] JpaBaseConfiguration$JpaWebConfiguration : spring.jpa.open-in-view is enabled by default. Therefore, database queries may be performed during view rendering. Explicitly configure spring.jpa.open-in-view to disable this warning
2026-08-15T11:36:42.269+05:30  INFO 3096 --- [smartbank-management-system] [restartedMain] r$InitializeUserDetailsManagerConfigurer : Global AuthenticationManager configured with UserDetailsService bean with name userDetailsServiceImpl
2026-08-15T11:36:42.306+05:30 DEBUG 3096 --- [smartbank-management-system] [restartedMain] o.s.s.web.DefaultSecurityFilterChain     : Will secure any request with filters: DisableEncodeUrlFilter, WebAsyncManagerIntegrationFilter, SecurityContextHolderFilter, HeaderWriterFilter, CorsFilter, LogoutFilter, JwtAuthenticationFilter, RequestCacheAwareFilter, SecurityContextHolderAwareRequestFilter, AnonymousAuthenticationFilter, SessionManagementFilter, ExceptionTranslationFilter, AuthorizationFilter
2026-08-15T11:36:42.371+05:30  WARN 3096 --- [smartbank-management-system] [restartedMain] ion$DefaultTemplateResolverConfiguration : Cannot find template location: classpath:/templates/ (please add some templates, check your Thymeleaf configuration, or set spring.thymeleaf.check-template-location=false)
2026-08-15T11:36:42.462+05:30  INFO 3096 --- [smartbank-management-system] [restartedMain] o.s.b.d.a.OptionalLiveReloadServer       : LiveReload server is running on port 35729
2026-08-15T11:36:42.487+05:30  INFO 3096 --- [smartbank-management-system] [restartedMain] o.s.b.w.embedded.tomcat.TomcatWebServer  : Tomcat started on port 8080 (http) with context path '/'
2026-08-15T11:36:42.490+05:30  INFO 3096 --- [smartbank-management-system] [restartedMain] b.s.SmartBankManagementSystemApplication : Started SmartBankManagementSystemApplication in 1.364 seconds (process running for 739.263)
2026-08-15T11:36:42.521+05:30 DEBUG 3096 --- [smartbank-management-system] [restartedMain] org.hibernate.SQL                        : 
    select
        u1_0.id 
    from
        users u1_0 
    where
        u1_0.email=? 
    limit
        ?
2026-08-15T11:36:42.523+05:30  INFO 3096 --- [smartbank-management-system] [restartedMain] com.bank.smartbank.config.DataSeeder     : Admin user already exists
2026-08-15T11:36:42.524+05:30  INFO 3096 --- [smartbank-management-system] [restartedMain] .ConditionEvaluationDeltaLoggingListener : Condition evaluation unchanged
2026-08-15T11:36:56.291+05:30  INFO 3096 --- [smartbank-management-system] [File Watcher] rtingClassPathChangeChangedEventListener : Restarting due to 1 class path change (0 additions, 0 deletions, 1 modification)
2026-08-15T11:36:56.293+05:30  INFO 3096 --- [smartbank-management-system] [Thread-15] o.s.b.w.e.tomcat.GracefulShutdown        : Commencing graceful shutdown. Waiting for active requests to complete
2026-08-15T11:36:56.308+05:30  INFO 3096 --- [smartbank-management-system] [tomcat-shutdown] o.s.b.w.e.tomcat.GracefulShutdown        : Graceful shutdown complete
2026-08-15T11:36:56.310+05:30  INFO 3096 --- [smartbank-management-system] [Thread-15] j.LocalContainerEntityManagerFactoryBean : Closing JPA EntityManagerFactory for persistence unit 'default'
2026-08-15T11:36:56.311+05:30  INFO 3096 --- [smartbank-management-system] [Thread-15] com.zaxxer.hikari.HikariDataSource       : HikariPool-4 - Shutdown initiated...
2026-08-15T11:36:56.315+05:30  INFO 3096 --- [smartbank-management-system] [Thread-15] com.zaxxer.hikari.HikariDataSource       : HikariPool-4 - Shutdown completed.
2026-08-15T11:36:56.395+05:30  INFO 3096 --- [smartbank-management-system] [restartedMain] b.s.SmartBankManagementSystemApplication : Starting SmartBankManagementSystemApplication using Java 21.0.7 with PID 3096 (D:\yagnesh\JavaProjects\SmartBank-Management-System\SmartBank\target\classes started by Hindu in D:\yagnesh\JavaProjects\SmartBank-Management-System\SmartBank)
2026-08-15T11:36:56.395+05:30 DEBUG 3096 --- [smartbank-management-system] [restartedMain] b.s.SmartBankManagementSystemApplication : Running with Spring Boot v3.5.7, Spring v6.2.12
2026-08-15T11:36:56.395+05:30  INFO 3096 --- [smartbank-management-system] [restartedMain] b.s.SmartBankManagementSystemApplication : No active profile set, falling back to 1 default profile: "default"
2026-08-15T11:36:56.580+05:30  INFO 3096 --- [smartbank-management-system] [restartedMain] .s.d.r.c.RepositoryConfigurationDelegate : Bootstrapping Spring Data JPA repositories in DEFAULT mode.
2026-08-15T11:36:56.600+05:30  INFO 3096 --- [smartbank-management-system] [restartedMain] .s.d.r.c.RepositoryConfigurationDelegate : Finished Spring Data repository scanning in 19 ms. Found 4 JPA repository interfaces.
2026-08-15T11:36:56.710+05:30  INFO 3096 --- [smartbank-management-system] [restartedMain] o.s.b.w.embedded.tomcat.TomcatWebServer  : Tomcat initialized with port 8080 (http)
2026-08-15T11:36:56.711+05:30  INFO 3096 --- [smartbank-management-system] [restartedMain] o.apache.catalina.core.StandardService   : Starting service [Tomcat]
2026-08-15T11:36:56.711+05:30  INFO 3096 --- [smartbank-management-system] [restartedMain] o.apache.catalina.core.StandardEngine    : Starting Servlet engine: [Apache Tomcat/10.1.48]
2026-08-15T11:36:56.732+05:30  INFO 3096 --- [smartbank-management-system] [restartedMain] o.a.c.c.C.[Tomcat].[localhost].[/]       : Initializing Spring embedded WebApplicationContext
2026-08-15T11:36:56.732+05:30  INFO 3096 --- [smartbank-management-system] [restartedMain] w.s.c.ServletWebServerApplicationContext : Root WebApplicationContext: initialization completed in 335 ms
2026-08-15T11:36:56.789+05:30  INFO 3096 --- [smartbank-management-system] [restartedMain] o.hibernate.jpa.internal.util.LogHelper  : HHH000204: Processing PersistenceUnitInfo [name: default]
2026-08-15T11:36:56.792+05:30  INFO 3096 --- [smartbank-management-system] [restartedMain] o.h.c.internal.RegionFactoryInitiator    : HHH000026: Second-level cache disabled
2026-08-15T11:36:56.802+05:30  INFO 3096 --- [smartbank-management-system] [restartedMain] o.s.o.j.p.SpringPersistenceUnitInfo      : No LoadTimeWeaver setup: ignoring JPA class transformer
2026-08-15T11:36:56.803+05:30  INFO 3096 --- [smartbank-management-system] [restartedMain] com.zaxxer.hikari.HikariDataSource       : HikariPool-5 - Starting...
2026-08-15T11:36:56.820+05:30  INFO 3096 --- [smartbank-management-system] [restartedMain] com.zaxxer.hikari.pool.HikariPool        : HikariPool-5 - Added connection com.mysql.cj.jdbc.ConnectionImpl@598e2705
2026-08-15T11:36:56.821+05:30  INFO 3096 --- [smartbank-management-system] [restartedMain] com.zaxxer.hikari.HikariDataSource       : HikariPool-5 - Start completed.
2026-08-15T11:36:56.822+05:30  INFO 3096 --- [smartbank-management-system] [restartedMain] org.hibernate.orm.connections.pooling    : HHH10001005: Database info:
	Database JDBC URL [Connecting through datasource 'HikariDataSource (HikariPool-5)']
	Database driver: undefined/unknown
	Database version: 8.0.45
	Autocommit mode: undefined/unknown
	Isolation level: undefined/unknown
	Minimum pool size: undefined/unknown
	Maximum pool size: undefined/unknown
2026-08-15T11:36:56.900+05:30  INFO 3096 --- [smartbank-management-system] [restartedMain] o.h.e.t.j.p.i.JtaPlatformInitiator       : HHH000489: No JTA platform available (set 'hibernate.transaction.jta.platform' to enable JTA platform integration)
2026-08-15T11:36:56.961+05:30  INFO 3096 --- [smartbank-management-system] [restartedMain] j.LocalContainerEntityManagerFactoryBean : Initialized JPA EntityManagerFactory for persistence unit 'default'
2026-08-15T11:36:57.093+05:30 DEBUG 3096 --- [smartbank-management-system] [restartedMain] c.b.s.security.JwtAuthenticationFilter   : Filter 'jwtAuthenticationFilter' configured for use
2026-08-15T11:36:57.267+05:30  WARN 3096 --- [smartbank-management-system] [restartedMain] JpaBaseConfiguration$JpaWebConfiguration : spring.jpa.open-in-view is enabled by default. Therefore, database queries may be performed during view rendering. Explicitly configure spring.jpa.open-in-view to disable this warning
2026-08-15T11:36:57.399+05:30  INFO 3096 --- [smartbank-management-system] [restartedMain] r$InitializeUserDetailsManagerConfigurer : Global AuthenticationManager configured with UserDetailsService bean with name userDetailsServiceImpl
2026-08-15T11:36:57.434+05:30 DEBUG 3096 --- [smartbank-management-system] [restartedMain] o.s.s.web.DefaultSecurityFilterChain     : Will secure any request with filters: DisableEncodeUrlFilter, WebAsyncManagerIntegrationFilter, SecurityContextHolderFilter, HeaderWriterFilter, CorsFilter, LogoutFilter, JwtAuthenticationFilter, RequestCacheAwareFilter, SecurityContextHolderAwareRequestFilter, AnonymousAuthenticationFilter, SessionManagementFilter, ExceptionTranslationFilter, AuthorizationFilter
2026-08-15T11:36:57.483+05:30  WARN 3096 --- [smartbank-management-system] [restartedMain] ion$DefaultTemplateResolverConfiguration : Cannot find template location: classpath:/templates/ (please add some templates, check your Thymeleaf configuration, or set spring.thymeleaf.check-template-location=false)
2026-08-15T11:36:57.553+05:30  INFO 3096 --- [smartbank-management-system] [restartedMain] o.s.b.d.a.OptionalLiveReloadServer       : LiveReload server is running on port 35729
2026-08-15T11:36:57.574+05:30  INFO 3096 --- [smartbank-management-system] [restartedMain] o.s.b.w.embedded.tomcat.TomcatWebServer  : Tomcat started on port 8080 (http) with context path '/'
2026-08-15T11:36:57.576+05:30  INFO 3096 --- [smartbank-management-system] [restartedMain] b.s.SmartBankManagementSystemApplication : Started SmartBankManagementSystemApplication in 1.203 seconds (process running for 754.35)
2026-08-15T11:36:57.601+05:30 DEBUG 3096 --- [smartbank-management-system] [restartedMain] org.hibernate.SQL                        : 
    select
        u1_0.id 
    from
        users u1_0 
    where
        u1_0.email=? 
    limit
        ?
2026-08-15T11:36:57.603+05:30  INFO 3096 --- [smartbank-management-system] [restartedMain] com.bank.smartbank.config.DataSeeder     : Admin user already exists
2026-08-15T11:36:57.605+05:30  INFO 3096 --- [smartbank-management-system] [restartedMain] .ConditionEvaluationDeltaLoggingListener : Condition evaluation unchanged
2026-08-15T11:37:52.861+05:30  INFO 3096 --- [smartbank-management-system] [http-nio-8080-exec-1] o.a.c.c.C.[Tomcat].[localhost].[/]       : Initializing Spring DispatcherServlet 'dispatcherServlet'
2026-08-15T11:37:52.861+05:30  INFO 3096 --- [smartbank-management-system] [http-nio-8080-exec-1] o.s.web.servlet.DispatcherServlet        : Initializing Servlet 'dispatcherServlet'
2026-08-15T11:37:52.864+05:30  INFO 3096 --- [smartbank-management-system] [http-nio-8080-exec-1] o.s.web.servlet.DispatcherServlet        : Completed initialization in 3 ms
2026-08-15T11:37:52.865+05:30 DEBUG 3096 --- [smartbank-management-system] [http-nio-8080-exec-1] o.s.security.web.FilterChainProxy        : Securing OPTIONS /api/auth/register
2026-08-15T11:37:52.869+05:30 DEBUG 3096 --- [smartbank-management-system] [http-nio-8080-exec-2] o.s.security.web.FilterChainProxy        : Securing POST /api/auth/register
2026-08-15T11:37:52.870+05:30 DEBUG 3096 --- [smartbank-management-system] [http-nio-8080-exec-2] o.s.s.w.a.AnonymousAuthenticationFilter  : Set SecurityContextHolder to anonymous SecurityContext
2026-08-15T11:37:52.871+05:30 DEBUG 3096 --- [smartbank-management-system] [http-nio-8080-exec-2] o.s.security.web.FilterChainProxy        : Secured POST /api/auth/register
2026-08-15T11:37:52.891+05:30 DEBUG 3096 --- [smartbank-management-system] [http-nio-8080-exec-2] org.hibernate.SQL                        : 
    select
        u1_0.id 
    from
        users u1_0 
    where
        u1_0.email=? 
    limit
        ?
2026-08-15T11:37:52.914+05:30  WARN 3096 --- [smartbank-management-system] [http-nio-8080-exec-2] .m.m.a.ExceptionHandlerExceptionResolver : Resolved [com.bank.smartbank.exception.DuplicateEmailException: Email '555@gmail.com' is already registered]
2026-08-15T11:38:22.771+05:30  INFO 3096 --- [smartbank-management-system] [File Watcher] rtingClassPathChangeChangedEventListener : Restarting due to 1 class path change (0 additions, 0 deletions, 1 modification)
2026-08-15T11:38:22.777+05:30  INFO 3096 --- [smartbank-management-system] [Thread-19] o.s.b.w.e.tomcat.GracefulShutdown        : Commencing graceful shutdown. Waiting for active requests to complete
2026-08-15T11:38:22.843+05:30  INFO 3096 --- [smartbank-management-system] [tomcat-shutdown] o.s.b.w.e.tomcat.GracefulShutdown        : Graceful shutdown complete
2026-08-15T11:38:22.846+05:30  INFO 3096 --- [smartbank-management-system] [Thread-19] j.LocalContainerEntityManagerFactoryBean : Closing JPA EntityManagerFactory for persistence unit 'default'
2026-08-15T11:38:22.848+05:30  INFO 3096 --- [smartbank-management-system] [Thread-19] com.zaxxer.hikari.HikariDataSource       : HikariPool-5 - Shutdown initiated...
2026-08-15T11:38:22.858+05:30  INFO 3096 --- [smartbank-management-system] [Thread-19] com.zaxxer.hikari.HikariDataSource       : HikariPool-5 - Shutdown completed.
2026-08-15T11:38:22.954+05:30  INFO 3096 --- [smartbank-management-system] [restartedMain] b.s.SmartBankManagementSystemApplication : Starting SmartBankManagementSystemApplication using Java 21.0.7 with PID 3096 (D:\yagnesh\JavaProjects\SmartBank-Management-System\SmartBank\target\classes started by Hindu in D:\yagnesh\JavaProjects\SmartBank-Management-System\SmartBank)
2026-08-15T11:38:22.955+05:30 DEBUG 3096 --- [smartbank-management-system] [restartedMain] b.s.SmartBankManagementSystemApplication : Running with Spring Boot v3.5.7, Spring v6.2.12
2026-08-15T11:38:22.955+05:30  INFO 3096 --- [smartbank-management-system] [restartedMain] b.s.SmartBankManagementSystemApplication : No active profile set, falling back to 1 default profile: "default"
2026-08-15T11:38:23.258+05:30  INFO 3096 --- [smartbank-management-system] [restartedMain] .s.d.r.c.RepositoryConfigurationDelegate : Bootstrapping Spring Data JPA repositories in DEFAULT mode.
2026-08-15T11:38:23.285+05:30  INFO 3096 --- [smartbank-management-system] [restartedMain] .s.d.r.c.RepositoryConfigurationDelegate : Finished Spring Data repository scanning in 26 ms. Found 4 JPA repository interfaces.
2026-08-15T11:38:23.451+05:30  INFO 3096 --- [smartbank-management-system] [restartedMain] o.s.b.w.embedded.tomcat.TomcatWebServer  : Tomcat initialized with port 8080 (http)
2026-08-15T11:38:23.452+05:30  INFO 3096 --- [smartbank-management-system] [restartedMain] o.apache.catalina.core.StandardService   : Starting service [Tomcat]
2026-08-15T11:38:23.452+05:30  INFO 3096 --- [smartbank-management-system] [restartedMain] o.apache.catalina.core.StandardEngine    : Starting Servlet engine: [Apache Tomcat/10.1.48]
2026-08-15T11:38:23.478+05:30  INFO 3096 --- [smartbank-management-system] [restartedMain] o.a.c.c.C.[Tomcat].[localhost].[/]       : Initializing Spring embedded WebApplicationContext
2026-08-15T11:38:23.478+05:30  INFO 3096 --- [smartbank-management-system] [restartedMain] w.s.c.ServletWebServerApplicationContext : Root WebApplicationContext: initialization completed in 521 ms
2026-08-15T11:38:23.547+05:30  INFO 3096 --- [smartbank-management-system] [restartedMain] o.hibernate.jpa.internal.util.LogHelper  : HHH000204: Processing PersistenceUnitInfo [name: default]
2026-08-15T11:38:23.550+05:30  INFO 3096 --- [smartbank-management-system] [restartedMain] o.h.c.internal.RegionFactoryInitiator    : HHH000026: Second-level cache disabled
2026-08-15T11:38:23.565+05:30  INFO 3096 --- [smartbank-management-system] [restartedMain] o.s.o.j.p.SpringPersistenceUnitInfo      : No LoadTimeWeaver setup: ignoring JPA class transformer
2026-08-15T11:38:23.566+05:30  INFO 3096 --- [smartbank-management-system] [restartedMain] com.zaxxer.hikari.HikariDataSource       : HikariPool-6 - Starting...
2026-08-15T11:38:23.583+05:30  INFO 3096 --- [smartbank-management-system] [restartedMain] com.zaxxer.hikari.pool.HikariPool        : HikariPool-6 - Added connection com.mysql.cj.jdbc.ConnectionImpl@4b918974
2026-08-15T11:38:23.583+05:30  INFO 3096 --- [smartbank-management-system] [restartedMain] com.zaxxer.hikari.HikariDataSource       : HikariPool-6 - Start completed.
2026-08-15T11:38:23.585+05:30  INFO 3096 --- [smartbank-management-system] [restartedMain] org.hibernate.orm.connections.pooling    : HHH10001005: Database info:
	Database JDBC URL [Connecting through datasource 'HikariDataSource (HikariPool-6)']
	Database driver: undefined/unknown
	Database version: 8.0.45
	Autocommit mode: undefined/unknown
	Isolation level: undefined/unknown
	Minimum pool size: undefined/unknown
	Maximum pool size: undefined/unknown
2026-08-15T11:38:23.689+05:30  INFO 3096 --- [smartbank-management-system] [restartedMain] o.h.e.t.j.p.i.JtaPlatformInitiator       : HHH000489: No JTA platform available (set 'hibernate.transaction.jta.platform' to enable JTA platform integration)
2026-08-15T11:38:23.728+05:30  INFO 3096 --- [smartbank-management-system] [restartedMain] j.LocalContainerEntityManagerFactoryBean : Initialized JPA EntityManagerFactory for persistence unit 'default'
2026-08-15T11:38:23.948+05:30 DEBUG 3096 --- [smartbank-management-system] [restartedMain] c.b.s.security.JwtAuthenticationFilter   : Filter 'jwtAuthenticationFilter' configured for use
2026-08-15T11:38:24.292+05:30  WARN 3096 --- [smartbank-management-system] [restartedMain] JpaBaseConfiguration$JpaWebConfiguration : spring.jpa.open-in-view is enabled by default. Therefore, database queries may be performed during view rendering. Explicitly configure spring.jpa.open-in-view to disable this warning
2026-08-15T11:38:24.531+05:30  INFO 3096 --- [smartbank-management-system] [restartedMain] r$InitializeUserDetailsManagerConfigurer : Global AuthenticationManager configured with UserDetailsService bean with name userDetailsServiceImpl
2026-08-15T11:38:24.581+05:30 DEBUG 3096 --- [smartbank-management-system] [restartedMain] o.s.s.web.DefaultSecurityFilterChain     : Will secure any request with filters: DisableEncodeUrlFilter, WebAsyncManagerIntegrationFilter, SecurityContextHolderFilter, HeaderWriterFilter, CorsFilter, LogoutFilter, JwtAuthenticationFilter, RequestCacheAwareFilter, SecurityContextHolderAwareRequestFilter, AnonymousAuthenticationFilter, SessionManagementFilter, ExceptionTranslationFilter, AuthorizationFilter
2026-08-15T11:38:24.683+05:30  WARN 3096 --- [smartbank-management-system] [restartedMain] ion$DefaultTemplateResolverConfiguration : Cannot find template location: classpath:/templates/ (please add some templates, check your Thymeleaf configuration, or set spring.thymeleaf.check-template-location=false)
2026-08-15T11:38:24.833+05:30  INFO 3096 --- [smartbank-management-system] [restartedMain] o.s.b.d.a.OptionalLiveReloadServer       : LiveReload server is running on port 35729
2026-08-15T11:38:24.860+05:30  INFO 3096 --- [smartbank-management-system] [restartedMain] o.s.b.w.embedded.tomcat.TomcatWebServer  : Tomcat started on port 8080 (http) with context path '/'
2026-08-15T11:38:24.863+05:30  INFO 3096 --- [smartbank-management-system] [restartedMain] b.s.SmartBankManagementSystemApplication : Started SmartBankManagementSystemApplication in 1.94 seconds (process running for 841.636)
2026-08-15T11:38:24.898+05:30 DEBUG 3096 --- [smartbank-management-system] [restartedMain] org.hibernate.SQL                        : 
    select
        u1_0.id 
    from
        users u1_0 
    where
        u1_0.email=? 
    limit
        ?
2026-08-15T11:38:24.900+05:30  INFO 3096 --- [smartbank-management-system] [restartedMain] com.bank.smartbank.config.DataSeeder     : Admin user already exists
2026-08-15T11:38:24.902+05:30  INFO 3096 --- [smartbank-management-system] [restartedMain] .ConditionEvaluationDeltaLoggingListener : Condition evaluation unchanged
2026-08-15T11:38:27.392+05:30  INFO 3096 --- [smartbank-management-system] [http-nio-8080-exec-1] o.a.c.c.C.[Tomcat].[localhost].[/]       : Initializing Spring DispatcherServlet 'dispatcherServlet'
2026-08-15T11:38:27.392+05:30  INFO 3096 --- [smartbank-management-system] [http-nio-8080-exec-1] o.s.web.servlet.DispatcherServlet        : Initializing Servlet 'dispatcherServlet'
2026-08-15T11:38:27.395+05:30  INFO 3096 --- [smartbank-management-system] [http-nio-8080-exec-1] o.s.web.servlet.DispatcherServlet        : Completed initialization in 3 ms
2026-08-15T11:38:27.397+05:30 DEBUG 3096 --- [smartbank-management-system] [http-nio-8080-exec-1] o.s.security.web.FilterChainProxy        : Securing OPTIONS /api/auth/register
2026-08-15T11:38:27.402+05:30 DEBUG 3096 --- [smartbank-management-system] [http-nio-8080-exec-2] o.s.security.web.FilterChainProxy        : Securing POST /api/auth/register
2026-08-15T11:38:27.403+05:30 DEBUG 3096 --- [smartbank-management-system] [http-nio-8080-exec-2] o.s.s.w.a.AnonymousAuthenticationFilter  : Set SecurityContextHolder to anonymous SecurityContext
2026-08-15T11:38:27.404+05:30 DEBUG 3096 --- [smartbank-management-system] [http-nio-8080-exec-2] o.s.security.web.FilterChainProxy        : Secured POST /api/auth/register
2026-08-15T11:38:27.421+05:30 DEBUG 3096 --- [smartbank-management-system] [http-nio-8080-exec-2] org.hibernate.SQL                        : 
    select
        u1_0.id 
    from
        users u1_0 
    where
        u1_0.email=? 
    limit
        ?
2026-08-15T11:38:27.429+05:30  WARN 3096 --- [smartbank-management-system] [http-nio-8080-exec-2] .m.m.a.ExceptionHandlerExceptionResolver : Resolved [com.bank.smartbank.exception.DuplicateEmailException: Email '555@gmail.com' is already registered]
2026-08-15T11:38:48.429+05:30 DEBUG 3096 --- [smartbank-management-system] [http-nio-8080-exec-3] o.s.security.web.FilterChainProxy        : Securing OPTIONS /api/auth/register
2026-08-15T11:38:48.433+05:30 DEBUG 3096 --- [smartbank-management-system] [http-nio-8080-exec-4] o.s.security.web.FilterChainProxy        : Securing POST /api/auth/register
2026-08-15T11:38:48.434+05:30 DEBUG 3096 --- [smartbank-management-system] [http-nio-8080-exec-4] o.s.s.w.a.AnonymousAuthenticationFilter  : Set SecurityContextHolder to anonymous SecurityContext
2026-08-15T11:38:48.435+05:30 DEBUG 3096 --- [smartbank-management-system] [http-nio-8080-exec-4] o.s.security.web.FilterChainProxy        : Secured POST /api/auth/register
2026-08-15T11:38:48.440+05:30 DEBUG 3096 --- [smartbank-management-system] [http-nio-8080-exec-4] org.hibernate.SQL                        : 
    select
        u1_0.id 
    from
        users u1_0 
    where
        u1_0.email=? 
    limit
        ?
2026-08-15T11:38:48.550+05:30 DEBUG 3096 --- [smartbank-management-system] [http-nio-8080-exec-4] org.hibernate.SQL                        : 
    insert 
    into
        users
        (created_at, email, full_name, is_verified, password, phone, role) 
    values
        (?, ?, ?, ?, ?, ?, ?)
2026-08-15T11:38:48.557+05:30  INFO 3096 --- [smartbank-management-system] [http-nio-8080-exec-4] com.bank.smartbank.service.AuthService   : User registered: 65@gmail.com
2026-08-15T11:38:48.558+05:30 DEBUG 3096 --- [smartbank-management-system] [http-nio-8080-exec-4] com.bank.smartbank.service.AuthService   : OTP sent: 436184
2026-08-15T11:43:50.815+05:30 DEBUG 3096 --- [smartbank-management-system] [http-nio-8080-exec-6] o.s.security.web.FilterChainProxy        : Securing POST /api/auth/register
2026-08-15T11:43:50.858+05:30 DEBUG 3096 --- [smartbank-management-system] [http-nio-8080-exec-6] o.s.s.w.a.AnonymousAuthenticationFilter  : Set SecurityContextHolder to anonymous SecurityContext
2026-08-15T11:43:50.862+05:30 DEBUG 3096 --- [smartbank-management-system] [http-nio-8080-exec-6] o.s.security.web.FilterChainProxy        : Secured POST /api/auth/register
2026-08-15T11:43:51.254+05:30 DEBUG 3096 --- [smartbank-management-system] [http-nio-8080-exec-6] org.hibernate.SQL                        : 
    select
        u1_0.id 
    from
        users u1_0 
    where
        u1_0.email=? 
    limit
        ?
2026-08-15T11:43:51.485+05:30 DEBUG 3096 --- [smartbank-management-system] [http-nio-8080-exec-6] org.hibernate.SQL                        : 
    insert 
    into
        users
        (created_at, email, full_name, is_verified, password, phone, role) 
    values
        (?, ?, ?, ?, ?, ?, ?)
2026-08-15T11:43:51.522+05:30  INFO 3096 --- [smartbank-management-system] [http-nio-8080-exec-6] com.bank.smartbank.service.AuthService   : User registered: customer@bank.com
2026-08-15T11:43:51.522+05:30 DEBUG 3096 --- [smartbank-management-system] [http-nio-8080-exec-6] com.bank.smartbank.service.AuthService   : OTP sent: 967528
2026-08-15T11:44:11.016+05:30 DEBUG 3096 --- [smartbank-management-system] [http-nio-8080-exec-8] o.s.security.web.FilterChainProxy        : Securing POST /api/auth/register
2026-08-15T11:44:11.016+05:30 DEBUG 3096 --- [smartbank-management-system] [http-nio-8080-exec-8] o.s.s.w.a.AnonymousAuthenticationFilter  : Set SecurityContextHolder to anonymous SecurityContext
2026-08-15T11:44:11.016+05:30 DEBUG 3096 --- [smartbank-management-system] [http-nio-8080-exec-8] o.s.security.web.FilterChainProxy        : Secured POST /api/auth/register
2026-08-15T11:44:11.194+05:30  WARN 3096 --- [smartbank-management-system] [http-nio-8080-exec-8] .m.m.a.ExceptionHandlerExceptionResolver : Failure in @ExceptionHandler com.bank.smartbank.exception.GlobalExceptionHandler#handleValidationException(MethodArgumentNotValidException, WebRequest)

java.lang.StackOverflowError: null
	at com.bank.smartbank.dto.common.ErrorResponse.addDetails(ErrorResponse.java:29) ~[classes/:na]
	at com.bank.smartbank.dto.common.ErrorResponse.addDetails(ErrorResponse.java:29) ~[classes/:na]
	at com.bank.smartbank.dto.common.ErrorResponse.addDetails(ErrorResponse.java:29) ~[classes/:na]
	at com.bank.smartbank.dto.common.ErrorResponse.addDetails(ErrorResponse.java:29) ~[classes/:na]
	at com.bank.smartbank.dto.common.ErrorResponse.addDetails(ErrorResponse.java:29) ~[classes/:na]
	at com.bank.smartbank.dto.common.ErrorResponse.addDetails(ErrorResponse.java:29) ~[classes/:na]
	at com.bank.smartbank.dto.common.ErrorResponse.addDetails(ErrorResponse.java:29) ~[classes/:na]
	at com.bank.smartbank.dto.common.ErrorResponse.addDetails(ErrorResponse.java:29) ~[classes/:na]
	at com.bank.smartbank.dto.common.ErrorResponse.addDetails(ErrorResponse.java:29) ~[classes/:na]
	at com.bank.smartbank.dto.common.ErrorResponse.addDetails(ErrorResponse.java:29) ~[classes/:na]
	at com.bank.smartbank.dto.common.ErrorResponse.addDetails(ErrorResponse.java:29) ~[classes/:na]
	at com.bank.smartbank.dto.common.ErrorResponse.addDetails(ErrorResponse.java:29) ~[classes/:na]
	at com.bank.smartbank.dto.common.ErrorResponse.addDetails(ErrorResponse.java:29) ~[classes/:na]
	at com.bank.smartbank.dto.common.ErrorResponse.addDetails(ErrorResponse.java:29) ~[classes/:na]
	at com.bank.smartbank.dto.common.ErrorResponse.addDetails(ErrorResponse.java:29) ~[classes/:na]
	at com.bank.smartbank.dto.common.ErrorResponse.addDetails(ErrorResponse.java:29) ~[classes/:na]
	at com.bank.smartbank.dto.common.ErrorResponse.addDetails(ErrorResponse.java:29) ~[classes/:na]
	at com.bank.smartbank.dto.common.ErrorResponse.addDetails(ErrorResponse.java:29) ~[classes/:na]
	at com.bank.smartbank.dto.common.ErrorResponse.addDetails(ErrorResponse.java:29) ~[classes/:na]
	at com.bank.smartbank.dto.common.ErrorResponse.addDetails(ErrorResponse.java:29) ~[classes/:na]
	at com.bank.smartbank.dto.common.ErrorResponse.addDetails(ErrorResponse.java:29) ~[classes/:na]
	at com.bank.smartbank.dto.common.ErrorResponse.addDetails(ErrorResponse.java:29) ~[classes/:na]
	at com.bank.smartbank.dto.common.ErrorResponse.addDetails(ErrorResponse.java:29) ~[classes/:na]
	at com.bank.smartbank.dto.common.ErrorResponse.addDetails(ErrorResponse.java:29) ~[classes/:na]
	at com.bank.smartbank.dto.common.ErrorResponse.addDetails(ErrorResponse.java:29) ~[classes/:na]
	at com.bank.smartbank.dto.common.ErrorResponse.addDetails(ErrorResponse.java:29) ~[classes/:na]
	at com.bank.smartbank.dto.common.ErrorResponse.addDetails(ErrorResponse.java:29) ~[classes/:na]
	at com.bank.smartbank.dto.common.ErrorResponse.addDetails(ErrorResponse.java:29) ~[classes/:na]
	at com.bank.smartbank.dto.common.ErrorResponse.addDetails(ErrorResponse.java:29) ~[classes/:na]
	at com.bank.smartbank.dto.common.ErrorResponse.addDetails(ErrorResponse.java:29) ~[classes/:na]
	at com.bank.smartbank.dto.common.ErrorResponse.addDetails(ErrorResponse.java:29) ~[classes/:na]
	at com.bank.smartbank.dto.common.ErrorResponse.addDetails(ErrorResponse.java:29) ~[classes/:na]
	at com.bank.smartbank.dto.common.ErrorResponse.addDetails(ErrorResponse.java:29) ~[classes/:na]
	at com.bank.smartbank.dto.common.ErrorResponse.addDetails(ErrorResponse.java:29) ~[classes/:na]
	at com.bank.smartbank.dto.common.ErrorResponse.addDetails(ErrorResponse.java:29) ~[classes/:na]
	at com.bank.smartbank.dto.common.ErrorResponse.addDetails(ErrorResponse.java:29) ~[classes/:na]
	at com.bank.smartbank.dto.common.ErrorResponse.addDetails(ErrorResponse.java:29) ~[classes/:na]
	at com.bank.smartbank.dto.common.ErrorResponse.addDetails(ErrorResponse.java:29) ~[classes/:na]
	at com.bank.smartbank.dto.common.ErrorResponse.addDetails(ErrorResponse.java:29) ~[classes/:na]
	at com.bank.smartbank.dto.common.ErrorResponse.addDetails(ErrorResponse.java:29) ~[classes/:na]
	at com.bank.smartbank.dto.common.ErrorResponse.addDetails(ErrorResponse.java:29) ~[classes/:na]
	at com.bank.smartbank.dto.common.ErrorResponse.addDetails(ErrorResponse.java:29) ~[classes/:na]
	at com.bank.smartbank.dto.common.ErrorResponse.addDetails(ErrorResponse.java:29) ~[classes/:na]
	at com.bank.smartbank.dto.common.ErrorResponse.addDetails(ErrorResponse.java:29) ~[classes/:na]
	at com.bank.smartbank.dto.common.ErrorResponse.addDetails(ErrorResponse.java:29) ~[classes/:na]
	at com.bank.smartbank.dto.common.ErrorResponse.addDetails(ErrorResponse.java:29) ~[classes/:na]
	at com.bank.smartbank.dto.common.ErrorResponse.addDetails(ErrorResponse.java:29) ~[classes/:na]
	at com.bank.smartbank.dto.common.ErrorResponse.addDetails(ErrorResponse.java:29) ~[classes/:na]
	at com.bank.smartbank.dto.common.ErrorResponse.addDetails(ErrorResponse.java:29) ~[classes/:na]
	at com.bank.smartbank.dto.common.ErrorResponse.addDetails(ErrorResponse.java:29) ~[classes/:na]
	at com.bank.smartbank.dto.common.ErrorResponse.addDetails(ErrorResponse.java:29) ~[classes/:na]
	at com.bank.smartbank.dto.common.ErrorResponse.addDetails(ErrorResponse.java:29) ~[classes/:na]
	at com.bank.smartbank.dto.common.ErrorResponse.addDetails(ErrorResponse.java:29) ~[classes/:na]
	at com.bank.smartbank.dto.common.ErrorResponse.addDetails(ErrorResponse.java:29) ~[classes/:na]
	at com.bank.smartbank.dto.common.ErrorResponse.addDetails(ErrorResponse.java:29) ~[classes/:na]
	at com.bank.smartbank.dto.common.ErrorResponse.addDetails(ErrorResponse.java:29) ~[classes/:na]
	at com.bank.smartbank.dto.common.ErrorResponse.addDetails(ErrorResponse.java:29) ~[classes/:na]
	at com.bank.smartbank.dto.common.ErrorResponse.addDetails(ErrorResponse.java:29) ~[classes/:na]
	at com.bank.smartbank.dto.common.ErrorResponse.addDetails(ErrorResponse.java:29) ~[classes/:na]
	at com.bank.smartbank.dto.common.ErrorResponse.addDetails(ErrorResponse.java:29) ~[classes/:na]
	at com.bank.smartbank.dto.common.ErrorResponse.addDetails(ErrorResponse.java:29) ~[classes/:na]
	at com.bank.smartbank.dto.common.ErrorResponse.addDetails(ErrorResponse.java:29) ~[classes/:na]
	at com.bank.smartbank.dto.common.ErrorResponse.addDetails(ErrorResponse.java:29) ~[classes/:na]
	at com.bank.smartbank.dto.common.ErrorResponse.addDetails(ErrorResponse.java:29) ~[classes/:na]
	at com.bank.smartbank.dto.common.ErrorResponse.addDetails(ErrorResponse.java:29) ~[classes/:na]
	at com.bank.smartbank.dto.common.ErrorResponse.addDetails(ErrorResponse.java:29) ~[classes/:na]
	at com.bank.smartbank.dto.common.ErrorResponse.addDetails(ErrorResponse.java:29) ~[classes/:na]
	at com.bank.smartbank.dto.common.ErrorResponse.addDetails(ErrorResponse.java:29) ~[classes/:na]
	at com.bank.smartbank.dto.common.ErrorResponse.addDetails(ErrorResponse.java:29) ~[classes/:na]
	at com.bank.smartbank.dto.common.ErrorResponse.addDetails(ErrorResponse.java:29) ~[classes/:na]
	at com.bank.smartbank.dto.common.ErrorResponse.addDetails(ErrorResponse.java:29) ~[classes/:na]
	at com.bank.smartbank.dto.common.ErrorResponse.addDetails(ErrorResponse.java:29) ~[classes/:na]
	at com.bank.smartbank.dto.common.ErrorResponse.addDetails(ErrorResponse.java:29) ~[classes/:na]
	at com.bank.smartbank.dto.common.ErrorResponse.addDetails(ErrorResponse.java:29) ~[classes/:na]
	at com.bank.smartbank.dto.common.ErrorResponse.addDetails(ErrorResponse.java:29) ~[classes/:na]
	at com.bank.smartbank.dto.common.ErrorResponse.addDetails(ErrorResponse.java:29) ~[classes/:na]
	at com.bank.smartbank.dto.common.ErrorResponse.addDetails(ErrorResponse.java:29) ~[classes/:na]
	at com.bank.smartbank.dto.common.ErrorResponse.addDetails(ErrorResponse.java:29) ~[classes/:na]
	at com.bank.smartbank.dto.common.ErrorResponse.addDetails(ErrorResponse.java:29) ~[classes/:na]
	at com.bank.smartbank.dto.common.ErrorResponse.addDetails(ErrorResponse.java:29) ~[classes/:na]
	at com.bank.smartbank.dto.common.ErrorResponse.addDetails(ErrorResponse.java:29) ~[classes/:na]
	at com.bank.smartbank.dto.common.ErrorResponse.addDetails(ErrorResponse.java:29) ~[classes/:na]
	at com.bank.smartbank.dto.common.ErrorResponse.addDetails(ErrorResponse.java:29) ~[classes/:na]
	at com.bank.smartbank.dto.common.ErrorResponse.addDetails(ErrorResponse.java:29) ~[classes/:na]
	at com.bank.smartbank.dto.common.ErrorResponse.addDetails(ErrorResponse.java:29) ~[classes/:na]
	at com.bank.smartbank.dto.common.ErrorResponse.addDetails(ErrorResponse.java:29) ~[classes/:na]
	at com.bank.smartbank.dto.common.ErrorResponse.addDetails(ErrorResponse.java:29) ~[classes/:na]
	at com.bank.smartbank.dto.common.ErrorResponse.addDetails(ErrorResponse.java:29) ~[classes/:na]
	at com.bank.smartbank.dto.common.ErrorResponse.addDetails(ErrorResponse.java:29) ~[classes/:na]
	at com.bank.smartbank.dto.common.ErrorResponse.addDetails(ErrorResponse.java:29) ~[classes/:na]
	at com.bank.smartbank.dto.common.ErrorResponse.addDetails(ErrorResponse.java:29) ~[classes/:na]
	at com.bank.smartbank.dto.common.ErrorResponse.addDetails(ErrorResponse.java:29) ~[classes/:na]
	at com.bank.smartbank.dto.common.ErrorResponse.addDetails(ErrorResponse.java:29) ~[classes/:na]
	at com.bank.smartbank.dto.common.ErrorResponse.addDetails(ErrorResponse.java:29) ~[classes/:na]
	at com.bank.smartbank.dto.common.ErrorResponse.addDetails(ErrorResponse.java:29) ~[classes/:na]
	at com.bank.smartbank.dto.common.ErrorResponse.addDetails(ErrorResponse.java:29) ~[classes/:na]
	at com.bank.smartbank.dto.common.ErrorResponse.addDetails(ErrorResponse.java:29) ~[classes/:na]
	at com.bank.smartbank.dto.common.ErrorResponse.addDetails(ErrorResponse.java:29) ~[classes/:na]
	at com.bank.smartbank.dto.common.ErrorResponse.addDetails(ErrorResponse.java:29) ~[classes/:na]
	at com.bank.smartbank.dto.common.ErrorResponse.addDetails(ErrorResponse.java:29) ~[classes/:na]
	at com.bank.smartbank.dto.common.ErrorResponse.addDetails(ErrorResponse.java:29) ~[classes/:na]
	at com.bank.smartbank.dto.common.ErrorResponse.addDetails(ErrorResponse.java:29) ~[classes/:na]
	at com.bank.smartbank.dto.common.ErrorResponse.addDetails(ErrorResponse.java:29) ~[classes/:na]
	at com.bank.smartbank.dto.common.ErrorResponse.addDetails(ErrorResponse.java:29) ~[classes/:na]
	at com.bank.smartbank.dto.common.ErrorResponse.addDetails(ErrorResponse.java:29) ~[classes/:na]
	at com.bank.smartbank.dto.common.ErrorResponse.addDetails(ErrorResponse.java:29) ~[classes/:na]
	at com.bank.smartbank.dto.common.ErrorResponse.addDetails(ErrorResponse.java:29) ~[classes/:na]
	at com.bank.smartbank.dto.common.ErrorResponse.addDetails(ErrorResponse.java:29) ~[classes/:na]
	at com.bank.smartbank.dto.common.ErrorResponse.addDetails(ErrorResponse.java:29) ~[classes/:na]
	at com.bank.smartbank.dto.common.ErrorResponse.addDetails(ErrorResponse.java:29) ~[classes/:na]
	at com.bank.smartbank.dto.common.ErrorResponse.addDetails(ErrorResponse.java:29) ~[classes/:na]
	at com.bank.smartbank.dto.common.ErrorResponse.addDetails(ErrorResponse.java:29) ~[classes/:na]
	at com.bank.smartbank.dto.common.ErrorResponse.addDetails(ErrorResponse.java:29) ~[classes/:na]
	at com.bank.smartbank.dto.common.ErrorResponse.addDetails(ErrorResponse.java:29) ~[classes/:na]
	at com.bank.smartbank.dto.common.ErrorResponse.addDetails(ErrorResponse.java:29) ~[classes/:na]
	at com.bank.smartbank.dto.common.ErrorResponse.addDetails(ErrorResponse.java:29) ~[classes/:na]
	at com.bank.smartbank.dto.common.ErrorResponse.addDetails(ErrorResponse.java:29) ~[classes/:na]
	at com.bank.smartbank.dto.common.ErrorResponse.addDetails(ErrorResponse.java:29) ~[classes/:na]
	at com.bank.smartbank.dto.common.ErrorResponse.addDetails(ErrorResponse.java:29) ~[classes/:na]
	at com.bank.smartbank.dto.common.ErrorResponse.addDetails(ErrorResponse.java:29) ~[classes/:na]
	at com.bank.smartbank.dto.common.ErrorResponse.addDetails(ErrorResponse.java:29) ~[classes/:na]
	at com.bank.smartbank.dto.common.ErrorResponse.addDetails(ErrorResponse.java:29) ~[classes/:na]
	at com.bank.smartbank.dto.common.ErrorResponse.addDetails(ErrorResponse.java:29) ~[classes/:na]
	at com.bank.smartbank.dto.common.ErrorResponse.addDetails(ErrorResponse.java:29) ~[classes/:na]
	at com.bank.smartbank.dto.common.ErrorResponse.addDetails(ErrorResponse.java:29) ~[classes/:na]
	at com.bank.smartbank.dto.common.ErrorResponse.addDetails(ErrorResponse.java:29) ~[classes/:na]
	at com.bank.smartbank.dto.common.ErrorResponse.addDetails(ErrorResponse.java:29) ~[classes/:na]
	at com.bank.smartbank.dto.common.ErrorResponse.addDetails(ErrorResponse.java:29) ~[classes/:na]
	at com.bank.smartbank.dto.common.ErrorResponse.addDetails(ErrorResponse.java:29) ~[classes/:na]
	at com.bank.smartbank.dto.common.ErrorResponse.addDetails(ErrorResponse.java:29) ~[classes/:na]
	at com.bank.smartbank.dto.common.ErrorResponse.addDetails(ErrorResponse.java:29) ~[classes/:na]
	at com.bank.smartbank.dto.common.ErrorResponse.addDetails(ErrorResponse.java:29) ~[classes/:na]
	at com.bank.smartbank.dto.common.ErrorResponse.addDetails(ErrorResponse.java:29) ~[classes/:na]
	at com.bank.smartbank.dto.common.ErrorResponse.addDetails(ErrorResponse.java:29) ~[classes/:na]
	at com.bank.smartbank.dto.common.ErrorResponse.addDetails(ErrorResponse.java:29) ~[classes/:na]
	at com.bank.smartbank.dto.common.ErrorResponse.addDetails(ErrorResponse.java:29) ~[classes/:na]
	at com.bank.smartbank.dto.common.ErrorResponse.addDetails(ErrorResponse.java:29) ~[classes/:na]
	at com.bank.smartbank.dto.common.ErrorResponse.addDetails(ErrorResponse.java:29) ~[classes/:na]
	at com.bank.smartbank.dto.common.ErrorResponse.addDetails(ErrorResponse.java:29) ~[classes/:na]
	at com.bank.smartbank.dto.common.ErrorResponse.addDetails(ErrorResponse.java:29) ~[classes/:na]
	at com.bank.smartbank.dto.common.ErrorResponse.addDetails(ErrorResponse.java:29) ~[classes/:na]
	at com.bank.smartbank.dto.common.ErrorResponse.addDetails(ErrorResponse.java:29) ~[classes/:na]
	at com.bank.smartbank.dto.common.ErrorResponse.addDetails(ErrorResponse.java:29) ~[classes/:na]
	at com.bank.smartbank.dto.common.ErrorResponse.addDetails(ErrorResponse.java:29) ~[classes/:na]
	at com.bank.smartbank.dto.common.ErrorResponse.addDetails(ErrorResponse.java:29) ~[classes/:na]
	at com.bank.smartbank.dto.common.ErrorResponse.addDetails(ErrorResponse.java:29) ~[classes/:na]
	at com.bank.smartbank.dto.common.ErrorResponse.addDetails(ErrorResponse.java:29) ~[classes/:na]
	at com.bank.smartbank.dto.common.ErrorResponse.addDetails(ErrorResponse.java:29) ~[classes/:na]
	at com.bank.smartbank.dto.common.ErrorResponse.addDetails(ErrorResponse.java:29) ~[classes/:na]
	at com.bank.smartbank.dto.common.ErrorResponse.addDetails(ErrorResponse.java:29) ~[classes/:na]
	at com.bank.smartbank.dto.common.ErrorResponse.addDetails(ErrorResponse.java:29) ~[classes/:na]
	at com.bank.smartbank.dto.common.ErrorResponse.addDetails(ErrorResponse.java:29) ~[classes/:na]
	at com.bank.smartbank.dto.common.ErrorResponse.addDetails(ErrorResponse.java:29) ~[classes/:na]
	at com.bank.smartbank.dto.common.ErrorResponse.addDetails(ErrorResponse.java:29) ~[classes/:na]
	at com.bank.smartbank.dto.common.ErrorResponse.addDetails(ErrorResponse.java:29) ~[classes/:na]
	at com.bank.smartbank.dto.common.ErrorResponse.addDetails(ErrorResponse.java:29) ~[classes/:na]
	at com.bank.smartbank.dto.common.ErrorResponse.addDetails(ErrorResponse.java:29) ~[classes/:na]
	at com.bank.smartbank.dto.common.ErrorResponse.addDetails(ErrorResponse.java:29) ~[classes/:na]
	at com.bank.smartbank.dto.common.ErrorResponse.addDetails(ErrorResponse.java:29) ~[classes/:na]
	at com.bank.smartbank.dto.common.ErrorResponse.addDetails(ErrorResponse.java:29) ~[classes/:na]
	at com.bank.smartbank.dto.common.ErrorResponse.addDetails(ErrorResponse.java:29) ~[classes/:na]
	at com.bank.smartbank.dto.common.ErrorResponse.addDetails(ErrorResponse.java:29) ~[classes/:na]
	at com.bank.smartbank.dto.common.ErrorResponse.addDetails(ErrorResponse.java:29) ~[classes/:na]
	at com.bank.smartbank.dto.common.ErrorResponse.addDetails(ErrorResponse.java:29) ~[classes/:na]
	at com.bank.smartbank.dto.common.ErrorResponse.addDetails(ErrorResponse.java:29) ~[classes/:na]
	at com.bank.smartbank.dto.common.ErrorResponse.addDetails(ErrorResponse.java:29) ~[classes/:na]
	at com.bank.smartbank.dto.common.ErrorResponse.addDetails(ErrorResponse.java:29) ~[classes/:na]
	at com.bank.smartbank.dto.common.ErrorResponse.addDetails(ErrorResponse.java:29) ~[classes/:na]
	at com.bank.smartbank.dto.common.ErrorResponse.addDetails(ErrorResponse.java:29) ~[classes/:na]
	at com.bank.smartbank.dto.common.ErrorResponse.addDetails(ErrorResponse.java:29) ~[classes/:na]
	at com.bank.smartbank.dto.common.ErrorResponse.addDetails(ErrorResponse.java:29) ~[classes/:na]
	at com.bank.smartbank.dto.common.ErrorResponse.addDetails(ErrorResponse.java:29) ~[classes/:na]
	at com.bank.smartbank.dto.common.ErrorResponse.addDetails(ErrorResponse.java:29) ~[classes/:na]
	at com.bank.smartbank.dto.common.ErrorResponse.addDetails(ErrorResponse.java:29) ~[classes/:na]
	at com.bank.smartbank.dto.common.ErrorResponse.addDetails(ErrorResponse.java:29) ~[classes/:na]
	at com.bank.smartbank.dto.common.ErrorResponse.addDetails(ErrorResponse.java:29) ~[classes/:na]
	at com.bank.smartbank.dto.common.ErrorResponse.addDetails(ErrorResponse.java:29) ~[classes/:na]
	at com.bank.smartbank.dto.common.ErrorResponse.addDetails(ErrorResponse.java:29) ~[classes/:na]
	at com.bank.smartbank.dto.common.ErrorResponse.addDetails(ErrorResponse.java:29) ~[classes/:na]
	at com.bank.smartbank.dto.common.ErrorResponse.addDetails(ErrorResponse.java:29) ~[classes/:na]
	at com.bank.smartbank.dto.common.ErrorResponse.addDetails(ErrorResponse.java:29) ~[classes/:na]
	at com.bank.smartbank.dto.common.ErrorResponse.addDetails(ErrorResponse.java:29) ~[classes/:na]
	at com.bank.smartbank.dto.common.ErrorResponse.addDetails(ErrorResponse.java:29) ~[classes/:na]
	at com.bank.smartbank.dto.common.ErrorResponse.addDetails(ErrorResponse.java:29) ~[classes/:na]
	at com.bank.smartbank.dto.common.ErrorResponse.addDetails(ErrorResponse.java:29) ~[classes/:na]
	at com.bank.smartbank.dto.common.ErrorResponse.addDetails(ErrorResponse.java:29) ~[classes/:na]
	at com.bank.smartbank.dto.common.ErrorResponse.addDetails(ErrorResponse.java:29) ~[classes/:na]
	at com.bank.smartbank.dto.common.ErrorResponse.addDetails(ErrorResponse.java:29) ~[classes/:na]
	at com.bank.smartbank.dto.common.ErrorResponse.addDetails(ErrorResponse.java:29) ~[classes/:na]
	at com.bank.smartbank.dto.common.ErrorResponse.addDetails(ErrorResponse.java:29) ~[classes/:na]
	at com.bank.smartbank.dto.common.ErrorResponse.addDetails(ErrorResponse.java:29) ~[classes/:na]
	at com.bank.smartbank.dto.common.ErrorResponse.addDetails(ErrorResponse.java:29) ~[classes/:na]
	at com.bank.smartbank.dto.common.ErrorResponse.addDetails(ErrorResponse.java:29) ~[classes/:na]
	at com.bank.smartbank.dto.common.ErrorResponse.addDetails(ErrorResponse.java:29) ~[classes/:na]
	at com.bank.smartbank.dto.common.ErrorResponse.addDetails(ErrorResponse.java:29) ~[classes/:na]
	at com.bank.smartbank.dto.common.ErrorResponse.addDetails(ErrorResponse.java:29) ~[classes/:na]
	at com.bank.smartbank.dto.common.ErrorResponse.addDetails(ErrorResponse.java:29) ~[classes/:na]
	at com.bank.smartbank.dto.common.ErrorResponse.addDetails(ErrorResponse.java:29) ~[classes/:na]
	at com.bank.smartbank.dto.common.ErrorResponse.addDetails(ErrorResponse.java:29) ~[classes/:na]
	at com.bank.smartbank.dto.common.ErrorResponse.addDetails(ErrorResponse.java:29) ~[classes/:na]
	at com.bank.smartbank.dto.common.ErrorResponse.addDetails(ErrorResponse.java:29) ~[classes/:na]
	at com.bank.smartbank.dto.common.ErrorResponse.addDetails(ErrorResponse.java:29) ~[classes/:na]
	at com.bank.smartbank.dto.common.ErrorResponse.addDetails(ErrorResponse.java:29) ~[classes/:na]
	at com.bank.smartbank.dto.common.ErrorResponse.addDetails(ErrorResponse.java:29) ~[classes/:na]
	at com.bank.smartbank.dto.common.ErrorResponse.addDetails(ErrorResponse.java:29) ~[classes/:na]
	at com.bank.smartbank.dto.common.ErrorResponse.addDetails(ErrorResponse.java:29) ~[classes/:na]
	at com.bank.smartbank.dto.common.ErrorResponse.addDetails(ErrorResponse.java:29) ~[classes/:na]
	at com.bank.smartbank.dto.common.ErrorResponse.addDetails(ErrorResponse.java:29) ~[classes/:na]
	at com.bank.smartbank.dto.common.ErrorResponse.addDetails(ErrorResponse.java:29) ~[classes/:na]
	at com.bank.smartbank.dto.common.ErrorResponse.addDetails(ErrorResponse.java:29) ~[classes/:na]
	at com.bank.smartbank.dto.common.ErrorResponse.addDetails(ErrorResponse.java:29) ~[classes/:na]
	at com.bank.smartbank.dto.common.ErrorResponse.addDetails(ErrorResponse.java:29) ~[classes/:na]
	at com.bank.smartbank.dto.common.ErrorResponse.addDetails(ErrorResponse.java:29) ~[classes/:na]
	at com.bank.smartbank.dto.common.ErrorResponse.addDetails(ErrorResponse.java:29) ~[classes/:na]
	at com.bank.smartbank.dto.common.ErrorResponse.addDetails(ErrorResponse.java:29) ~[classes/:na]
	at com.bank.smartbank.dto.common.ErrorResponse.addDetails(ErrorResponse.java:29) ~[classes/:na]
	at com.bank.smartbank.dto.common.ErrorResponse.addDetails(ErrorResponse.java:29) ~[classes/:na]
	at com.bank.smartbank.dto.common.ErrorResponse.addDetails(ErrorResponse.java:29) ~[classes/:na]
	at com.bank.smartbank.dto.common.ErrorResponse.addDetails(ErrorResponse.java:29) ~[classes/:na]
	at com.bank.smartbank.dto.common.ErrorResponse.addDetails(ErrorResponse.java:29) ~[classes/:na]
	at com.bank.smartbank.dto.common.ErrorResponse.addDetails(ErrorResponse.java:29) ~[classes/:na]
	at com.bank.smartbank.dto.common.ErrorResponse.addDetails(ErrorResponse.java:29) ~[classes/:na]
	at com.bank.smartbank.dto.common.ErrorResponse.addDetails(ErrorResponse.java:29) ~[classes/:na]
	at com.bank.smartbank.dto.common.ErrorResponse.addDetails(ErrorResponse.java:29) ~[classes/:na]
	at com.bank.smartbank.dto.common.ErrorResponse.addDetails(ErrorResponse.java:29) ~[classes/:na]
	at com.bank.smartbank.dto.common.ErrorResponse.addDetails(ErrorResponse.java:29) ~[classes/:na]
	at com.bank.smartbank.dto.common.ErrorResponse.addDetails(ErrorResponse.java:29) ~[classes/:na]
	at com.bank.smartbank.dto.common.ErrorResponse.addDetails(ErrorResponse.java:29) ~[classes/:na]
	at com.bank.smartbank.dto.common.ErrorResponse.addDetails(ErrorResponse.java:29) ~[classes/:na]
	at com.bank.smartbank.dto.common.ErrorResponse.addDetails(ErrorResponse.java:29) ~[classes/:na]
	at com.bank.smartbank.dto.common.ErrorResponse.addDetails(ErrorResponse.java:29) ~[classes/:na]
	at com.bank.smartbank.dto.common.ErrorResponse.addDetails(ErrorResponse.java:29) ~[classes/:na]
	at com.bank.smartbank.dto.common.ErrorResponse.addDetails(ErrorResponse.java:29) ~[classes/:na]
	at com.bank.smartbank.dto.common.ErrorResponse.addDetails(ErrorResponse.java:29) ~[classes/:na]
	at com.bank.smartbank.dto.common.ErrorResponse.addDetails(ErrorResponse.java:29) ~[classes/:na]
	at com.bank.smartbank.dto.common.ErrorResponse.addDetails(ErrorResponse.java:29) ~[classes/:na]
	at com.bank.smartbank.dto.common.ErrorResponse.addDetails(ErrorResponse.java:29) ~[classes/:na]
	at com.bank.smartbank.dto.common.ErrorResponse.addDetails(ErrorResponse.java:29) ~[classes/:na]
	at com.bank.smartbank.dto.common.ErrorResponse.addDetails(ErrorResponse.java:29) ~[classes/:na]
	at com.bank.smartbank.dto.common.ErrorResponse.addDetails(ErrorResponse.java:29) ~[classes/:na]
	at com.bank.smartbank.dto.common.ErrorResponse.addDetails(ErrorResponse.java:29) ~[classes/:na]
	at com.bank.smartbank.dto.common.ErrorResponse.addDetails(ErrorResponse.java:29) ~[classes/:na]
	at com.bank.smartbank.dto.common.ErrorResponse.addDetails(ErrorResponse.java:29) ~[classes/:na]
	at com.bank.smartbank.dto.common.ErrorResponse.addDetails(ErrorResponse.java:29) ~[classes/:na]
	at com.bank.smartbank.dto.common.ErrorResponse.addDetails(ErrorResponse.java:29) ~[classes/:na]
	at com.bank.smartbank.dto.common.ErrorResponse.addDetails(ErrorResponse.java:29) ~[classes/:na]
	at com.bank.smartbank.dto.common.ErrorResponse.addDetails(ErrorResponse.java:29) ~[classes/:na]
	at com.bank.smartbank.dto.common.ErrorResponse.addDetails(ErrorResponse.java:29) ~[classes/:na]
	at com.bank.smartbank.dto.common.ErrorResponse.addDetails(ErrorResponse.java:29) ~[classes/:na]
	at com.bank.smartbank.dto.common.ErrorResponse.addDetails(ErrorResponse.java:29) ~[classes/:na]
	at com.bank.smartbank.dto.common.ErrorResponse.addDetails(ErrorResponse.java:29) ~[classes/:na]
	at com.bank.smartbank.dto.common.ErrorResponse.addDetails(ErrorResponse.java:29) ~[classes/:na]
	at com.bank.smartbank.dto.common.ErrorResponse.addDetails(ErrorResponse.java:29) ~[classes/:na]
	at com.bank.smartbank.dto.common.ErrorResponse.addDetails(ErrorResponse.java:29) ~[classes/:na]
	at com.bank.smartbank.dto.common.ErrorResponse.addDetails(ErrorResponse.java:29) ~[classes/:na]
	at com.bank.smartbank.dto.common.ErrorResponse.addDetails(ErrorResponse.java:29) ~[classes/:na]
	at com.bank.smartbank.dto.common.ErrorResponse.addDetails(ErrorResponse.java:29) ~[classes/:na]
	at com.bank.smartbank.dto.common.ErrorResponse.addDetails(ErrorResponse.java:29) ~[classes/:na]
	at com.bank.smartbank.dto.common.ErrorResponse.addDetails(ErrorResponse.java:29) ~[classes/:na]
	at com.bank.smartbank.dto.common.ErrorResponse.addDetails(ErrorResponse.java:29) ~[classes/:na]
	at com.bank.smartbank.dto.common.ErrorResponse.addDetails(ErrorResponse.java:29) ~[classes/:na]
	at com.bank.smartbank.dto.common.ErrorResponse.addDetails(ErrorResponse.java:29) ~[classes/:na]
	at com.bank.smartbank.dto.common.ErrorResponse.addDetails(ErrorResponse.java:29) ~[classes/:na]
	at com.bank.smartbank.dto.common.ErrorResponse.addDetails(ErrorResponse.java:29) ~[classes/:na]
	at com.bank.smartbank.dto.common.ErrorResponse.addDetails(ErrorResponse.java:29) ~[classes/:na]
	at com.bank.smartbank.dto.common.ErrorResponse.addDetails(ErrorResponse.java:29) ~[classes/:na]
	at com.bank.smartbank.dto.common.ErrorResponse.addDetails(ErrorResponse.java:29) ~[classes/:na]
	at com.bank.smartbank.dto.common.ErrorResponse.addDetails(ErrorResponse.java:29) ~[classes/:na]
	at com.bank.smartbank.dto.common.ErrorResponse.addDetails(ErrorResponse.java:29) ~[classes/:na]
	at com.bank.smartbank.dto.common.ErrorResponse.addDetails(ErrorResponse.java:29) ~[classes/:na]
	at com.bank.smartbank.dto.common.ErrorResponse.addDetails(ErrorResponse.java:29) ~[classes/:na]
	at com.bank.smartbank.dto.common.ErrorResponse.addDetails(ErrorResponse.java:29) ~[classes/:na]
	at com.bank.smartbank.dto.common.ErrorResponse.addDetails(ErrorResponse.java:29) ~[classes/:na]
	at com.bank.smartbank.dto.common.ErrorResponse.addDetails(ErrorResponse.java:29) ~[classes/:na]
	at com.bank.smartbank.dto.common.ErrorResponse.addDetails(ErrorResponse.java:29) ~[classes/:na]
	at com.bank.smartbank.dto.common.ErrorResponse.addDetails(ErrorResponse.java:29) ~[classes/:na]
	at com.bank.smartbank.dto.common.ErrorResponse.addDetails(ErrorResponse.java:29) ~[classes/:na]
	at com.bank.smartbank.dto.common.ErrorResponse.addDetails(ErrorResponse.java:29) ~[classes/:na]
	at com.bank.smartbank.dto.common.ErrorResponse.addDetails(ErrorResponse.java:29) ~[classes/:na]
	at com.bank.smartbank.dto.common.ErrorResponse.addDetails(ErrorResponse.java:29) ~[classes/:na]
	at com.bank.smartbank.dto.common.ErrorResponse.addDetails(ErrorResponse.java:29) ~[classes/:na]
	at com.bank.smartbank.dto.common.ErrorResponse.addDetails(ErrorResponse.java:29) ~[classes/:na]
	at com.bank.smartbank.dto.common.ErrorResponse.addDetails(ErrorResponse.java:29) ~[classes/:na]
	at com.bank.smartbank.dto.common.ErrorResponse.addDetails(ErrorResponse.java:29) ~[classes/:na]
	at com.bank.smartbank.dto.common.ErrorResponse.addDetails(ErrorResponse.java:29) ~[classes/:na]
	at com.bank.smartbank.dto.common.ErrorResponse.addDetails(ErrorResponse.java:29) ~[classes/:na]
	at com.bank.smartbank.dto.common.ErrorResponse.addDetails(ErrorResponse.java:29) ~[classes/:na]
	at com.bank.smartbank.dto.common.ErrorResponse.addDetails(ErrorResponse.java:29) ~[classes/:na]
	at com.bank.smartbank.dto.common.ErrorResponse.addDetails(ErrorResponse.java:29) ~[classes/:na]
	at com.bank.smartbank.dto.common.ErrorResponse.addDetails(ErrorResponse.java:29) ~[classes/:na]
	at com.bank.smartbank.dto.common.ErrorResponse.addDetails(ErrorResponse.java:29) ~[classes/:na]
	at com.bank.smartbank.dto.common.ErrorResponse.addDetails(ErrorResponse.java:29) ~[classes/:na]
	at com.bank.smartbank.dto.common.ErrorResponse.addDetails(ErrorResponse.java:29) ~[classes/:na]
	at com.bank.smartbank.dto.common.ErrorResponse.addDetails(ErrorResponse.java:29) ~[classes/:na]
	at com.bank.smartbank.dto.common.ErrorResponse.addDetails(ErrorResponse.java:29) ~[classes/:na]
	at com.bank.smartbank.dto.common.ErrorResponse.addDetails(ErrorResponse.java:29) ~[classes/:na]
	at com.bank.smartbank.dto.common.ErrorResponse.addDetails(ErrorResponse.java:29) ~[classes/:na]
	at com.bank.smartbank.dto.common.ErrorResponse.addDetails(ErrorResponse.java:29) ~[classes/:na]
	at com.bank.smartbank.dto.common.ErrorResponse.addDetails(ErrorResponse.java:29) ~[classes/:na]
	at com.bank.smartbank.dto.common.ErrorResponse.addDetails(ErrorResponse.java:29) ~[classes/:na]
	at com.bank.smartbank.dto.common.ErrorResponse.addDetails(ErrorResponse.java:29) ~[classes/:na]
	at com.bank.smartbank.dto.common.ErrorResponse.addDetails(ErrorResponse.java:29) ~[classes/:na]
	at com.bank.smartbank.dto.common.ErrorResponse.addDetails(ErrorResponse.java:29) ~[classes/:na]
	at com.bank.smartbank.dto.common.ErrorResponse.addDetails(ErrorResponse.java:29) ~[classes/:na]
	at com.bank.smartbank.dto.common.ErrorResponse.addDetails(ErrorResponse.java:29) ~[classes/:na]
	at com.bank.smartbank.dto.common.ErrorResponse.addDetails(ErrorResponse.java:29) ~[classes/:na]
	at com.bank.smartbank.dto.common.ErrorResponse.addDetails(ErrorResponse.java:29) ~[classes/:na]
	at com.bank.smartbank.dto.common.ErrorResponse.addDetails(ErrorResponse.java:29) ~[classes/:na]
	at com.bank.smartbank.dto.common.ErrorResponse.addDetails(ErrorResponse.java:29) ~[classes/:na]
	at com.bank.smartbank.dto.common.ErrorResponse.addDetails(ErrorResponse.java:29) ~[classes/:na]
	at com.bank.smartbank.dto.common.ErrorResponse.addDetails(ErrorResponse.java:29) ~[classes/:na]
	at com.bank.smartbank.dto.common.ErrorResponse.addDetails(ErrorResponse.java:29) ~[classes/:na]
	at com.bank.smartbank.dto.common.ErrorResponse.addDetails(ErrorResponse.java:29) ~[classes/:na]
	at com.bank.smartbank.dto.common.ErrorResponse.addDetails(ErrorResponse.java:29) ~[classes/:na]
	at com.bank.smartbank.dto.common.ErrorResponse.addDetails(ErrorResponse.java:29) ~[classes/:na]
	at com.bank.smartbank.dto.common.ErrorResponse.addDetails(ErrorResponse.java:29) ~[classes/:na]
	at com.bank.smartbank.dto.common.ErrorResponse.addDetails(ErrorResponse.java:29) ~[classes/:na]
	at com.bank.smartbank.dto.common.ErrorResponse.addDetails(ErrorResponse.java:29) ~[classes/:na]
	at com.bank.smartbank.dto.common.ErrorResponse.addDetails(ErrorResponse.java:29) ~[classes/:na]
	at com.bank.smartbank.dto.common.ErrorResponse.addDetails(ErrorResponse.java:29) ~[classes/:na]
	at com.bank.smartbank.dto.common.ErrorResponse.addDetails(ErrorResponse.java:29) ~[classes/:na]
	at com.bank.smartbank.dto.common.ErrorResponse.addDetails(ErrorResponse.java:29) ~[classes/:na]
	at com.bank.smartbank.dto.common.ErrorResponse.addDetails(ErrorResponse.java:29) ~[classes/:na]
	at com.bank.smartbank.dto.common.ErrorResponse.addDetails(ErrorResponse.java:29) ~[classes/:na]
	at com.bank.smartbank.dto.common.ErrorResponse.addDetails(ErrorResponse.java:29) ~[classes/:na]
	at com.bank.smartbank.dto.common.ErrorResponse.addDetails(ErrorResponse.java:29) ~[classes/:na]
	at com.bank.smartbank.dto.common.ErrorResponse.addDetails(ErrorResponse.java:29) ~[classes/:na]
	at com.bank.smartbank.dto.common.ErrorResponse.addDetails(ErrorResponse.java:29) ~[classes/:na]
	at com.bank.smartbank.dto.common.ErrorResponse.addDetails(ErrorResponse.java:29) ~[classes/:na]
	at com.bank.smartbank.dto.common.ErrorResponse.addDetails(ErrorResponse.java:29) ~[classes/:na]
	at com.bank.smartbank.dto.common.ErrorResponse.addDetails(ErrorResponse.java:29) ~[classes/:na]
	at com.bank.smartbank.dto.common.ErrorResponse.addDetails(ErrorResponse.java:29) ~[classes/:na]
	at com.bank.smartbank.dto.common.ErrorResponse.addDetails(ErrorResponse.java:29) ~[classes/:na]
	at com.bank.smartbank.dto.common.ErrorResponse.addDetails(ErrorResponse.java:29) ~[classes/:na]
	at com.bank.smartbank.dto.common.ErrorResponse.addDetails(ErrorResponse.java:29) ~[classes/:na]
	at com.bank.smartbank.dto.common.ErrorResponse.addDetails(ErrorResponse.java:29) ~[classes/:na]
	at com.bank.smartbank.dto.common.ErrorResponse.addDetails(ErrorResponse.java:29) ~[classes/:na]
	at com.bank.smartbank.dto.common.ErrorResponse.addDetails(ErrorResponse.java:29) ~[classes/:na]
	at com.bank.smartbank.dto.common.ErrorResponse.addDetails(ErrorResponse.java:29) ~[classes/:na]
	at com.bank.smartbank.dto.common.ErrorResponse.addDetails(ErrorResponse.java:29) ~[classes/:na]
	at com.bank.smartbank.dto.common.ErrorResponse.addDetails(ErrorResponse.java:29) ~[classes/:na]
	at com.bank.smartbank.dto.common.ErrorResponse.addDetails(ErrorResponse.java:29) ~[classes/:na]
	at com.bank.smartbank.dto.common.ErrorResponse.addDetails(ErrorResponse.java:29) ~[classes/:na]
	at com.bank.smartbank.dto.common.ErrorResponse.addDetails(ErrorResponse.java:29) ~[classes/:na]
	at com.bank.smartbank.dto.common.ErrorResponse.addDetails(ErrorResponse.java:29) ~[classes/:na]
	at com.bank.smartbank.dto.common.ErrorResponse.addDetails(ErrorResponse.java:29) ~[classes/:na]
	at com.bank.smartbank.dto.common.ErrorResponse.addDetails(ErrorResponse.java:29) ~[classes/:na]
	at com.bank.smartbank.dto.common.ErrorResponse.addDetails(ErrorResponse.java:29) ~[classes/:na]
	at com.bank.smartbank.dto.common.ErrorResponse.addDetails(ErrorResponse.java:29) ~[classes/:na]
	at com.bank.smartbank.dto.common.ErrorResponse.addDetails(ErrorResponse.java:29) ~[classes/:na]
	at com.bank.smartbank.dto.common.ErrorResponse.addDetails(ErrorResponse.java:29) ~[classes/:na]
	at com.bank.smartbank.dto.common.ErrorResponse.addDetails(ErrorResponse.java:29) ~[classes/:na]
	at com.bank.smartbank.dto.common.ErrorResponse.addDetails(ErrorResponse.java:29) ~[classes/:na]
	at com.bank.smartbank.dto.common.ErrorResponse.addDetails(ErrorResponse.java:29) ~[classes/:na]
	at com.bank.smartbank.dto.common.ErrorResponse.addDetails(ErrorResponse.java:29) ~[classes/:na]
	at com.bank.smartbank.dto.common.ErrorResponse.addDetails(ErrorResponse.java:29) ~[classes/:na]
	at com.bank.smartbank.dto.common.ErrorResponse.addDetails(ErrorResponse.java:29) ~[classes/:na]
	at com.bank.smartbank.dto.common.ErrorResponse.addDetails(ErrorResponse.java:29) ~[classes/:na]
	at com.bank.smartbank.dto.common.ErrorResponse.addDetails(ErrorResponse.java:29) ~[classes/:na]
	at com.bank.smartbank.dto.common.ErrorResponse.addDetails(ErrorResponse.java:29) ~[classes/:na]
	at com.bank.smartbank.dto.common.ErrorResponse.addDetails(ErrorResponse.java:29) ~[classes/:na]
	at com.bank.smartbank.dto.common.ErrorResponse.addDetails(ErrorResponse.java:29) ~[classes/:na]
	at com.bank.smartbank.dto.common.ErrorResponse.addDetails(ErrorResponse.java:29) ~[classes/:na]
	at com.bank.smartbank.dto.common.ErrorResponse.addDetails(ErrorResponse.java:29) ~[classes/:na]
	at com.bank.smartbank.dto.common.ErrorResponse.addDetails(ErrorResponse.java:29) ~[classes/:na]
	at com.bank.smartbank.dto.common.ErrorResponse.addDetails(ErrorResponse.java:29) ~[classes/:na]
	at com.bank.smartbank.dto.common.ErrorResponse.addDetails(ErrorResponse.java:29) ~[classes/:na]
	at com.bank.smartbank.dto.common.ErrorResponse.addDetails(ErrorResponse.java:29) ~[classes/:na]
	at com.bank.smartbank.dto.common.ErrorResponse.addDetails(ErrorResponse.java:29) ~[classes/:na]
	at com.bank.smartbank.dto.common.ErrorResponse.addDetails(ErrorResponse.java:29) ~[classes/:na]
	at com.bank.smartbank.dto.common.ErrorResponse.addDetails(ErrorResponse.java:29) ~[classes/:na]
	at com.bank.smartbank.dto.common.ErrorResponse.addDetails(ErrorResponse.java:29) ~[classes/:na]
	at com.bank.smartbank.dto.common.ErrorResponse.addDetails(ErrorResponse.java:29) ~[classes/:na]
	at com.bank.smartbank.dto.common.ErrorResponse.addDetails(ErrorResponse.java:29) ~[classes/:na]
	at com.bank.smartbank.dto.common.ErrorResponse.addDetails(ErrorResponse.java:29) ~[classes/:na]
	at com.bank.smartbank.dto.common.ErrorResponse.addDetails(ErrorResponse.java:29) ~[classes/:na]
	at com.bank.smartbank.dto.common.ErrorResponse.addDetails(ErrorResponse.java:29) ~[classes/:na]
	at com.bank.smartbank.dto.common.ErrorResponse.addDetails(ErrorResponse.java:29) ~[classes/:na]
	at com.bank.smartbank.dto.common.ErrorResponse.addDetails(ErrorResponse.java:29) ~[classes/:na]
	at com.bank.smartbank.dto.common.ErrorResponse.addDetails(ErrorResponse.java:29) ~[classes/:na]
	at com.bank.smartbank.dto.common.ErrorResponse.addDetails(ErrorResponse.java:29) ~[classes/:na]
	at com.bank.smartbank.dto.common.ErrorResponse.addDetails(ErrorResponse.java:29) ~[classes/:na]
	at com.bank.smartbank.dto.common.ErrorResponse.addDetails(ErrorResponse.java:29) ~[classes/:na]
	at com.bank.smartbank.dto.common.ErrorResponse.addDetails(ErrorResponse.java:29) ~[classes/:na]
	at com.bank.smartbank.dto.common.ErrorResponse.addDetails(ErrorResponse.java:29) ~[classes/:na]
	at com.bank.smartbank.dto.common.ErrorResponse.addDetails(ErrorResponse.java:29) ~[classes/:na]
	at com.bank.smartbank.dto.common.ErrorResponse.addDetails(ErrorResponse.java:29) ~[classes/:na]
	at com.bank.smartbank.dto.common.ErrorResponse.addDetails(ErrorResponse.java:29) ~[classes/:na]
	at com.bank.smartbank.dto.common.ErrorResponse.addDetails(ErrorResponse.java:29) ~[classes/:na]
	at com.bank.smartbank.dto.common.ErrorResponse.addDetails(ErrorResponse.java:29) ~[classes/:na]
	at com.bank.smartbank.dto.common.ErrorResponse.addDetails(ErrorResponse.java:29) ~[classes/:na]
	at com.bank.smartbank.dto.common.ErrorResponse.addDetails(ErrorResponse.java:29) ~[classes/:na]
	at com.bank.smartbank.dto.common.ErrorResponse.addDetails(ErrorResponse.java:29) ~[classes/:na]
	at com.bank.smartbank.dto.common.ErrorResponse.addDetails(ErrorResponse.java:29) ~[classes/:na]
	at com.bank.smartbank.dto.common.ErrorResponse.addDetails(ErrorResponse.java:29) ~[classes/:na]
	at com.bank.smartbank.dto.common.ErrorResponse.addDetails(ErrorResponse.java:29) ~[classes/:na]
	at com.bank.smartbank.dto.common.ErrorResponse.addDetails(ErrorResponse.java:29) ~[classes/:na]
	at com.bank.smartbank.dto.common.ErrorResponse.addDetails(ErrorResponse.java:29) ~[classes/:na]
	at com.bank.smartbank.dto.common.ErrorResponse.addDetails(ErrorResponse.java:29) ~[classes/:na]
	at com.bank.smartbank.dto.common.ErrorResponse.addDetails(ErrorResponse.java:29) ~[classes/:na]
	at com.bank.smartbank.dto.common.ErrorResponse.addDetails(ErrorResponse.java:29) ~[classes/:na]
	at com.bank.smartbank.dto.common.ErrorResponse.addDetails(ErrorResponse.java:29) ~[classes/:na]
	at com.bank.smartbank.dto.common.ErrorResponse.addDetails(ErrorResponse.java:29) ~[classes/:na]
	at com.bank.smartbank.dto.common.ErrorResponse.addDetails(ErrorResponse.java:29) ~[classes/:na]
	at com.bank.smartbank.dto.common.ErrorResponse.addDetails(ErrorResponse.java:29) ~[classes/:na]
	at com.bank.smartbank.dto.common.ErrorResponse.addDetails(ErrorResponse.java:29) ~[classes/:na]
	at com.bank.smartbank.dto.common.ErrorResponse.addDetails(ErrorResponse.java:29) ~[classes/:na]
	at com.bank.smartbank.dto.common.ErrorResponse.addDetails(ErrorResponse.java:29) ~[classes/:na]
	at com.bank.smartbank.dto.common.ErrorResponse.addDetails(ErrorResponse.java:29) ~[classes/:na]
	at com.bank.smartbank.dto.common.ErrorResponse.addDetails(ErrorResponse.java:29) ~[classes/:na]
	at com.bank.smartbank.dto.common.ErrorResponse.addDetails(ErrorResponse.java:29) ~[classes/:na]
	at com.bank.smartbank.dto.common.ErrorResponse.addDetails(ErrorResponse.java:29) ~[classes/:na]
	at com.bank.smartbank.dto.common.ErrorResponse.addDetails(ErrorResponse.java:29) ~[classes/:na]
	at com.bank.smartbank.dto.common.ErrorResponse.addDetails(ErrorResponse.java:29) ~[classes/:na]
	at com.bank.smartbank.dto.common.ErrorResponse.addDetails(ErrorResponse.java:29) ~[classes/:na]
	at com.bank.smartbank.dto.common.ErrorResponse.addDetails(ErrorResponse.java:29) ~[classes/:na]
	at com.bank.smartbank.dto.common.ErrorResponse.addDetails(ErrorResponse.java:29) ~[classes/:na]
	at com.bank.smartbank.dto.common.ErrorResponse.addDetails(ErrorResponse.java:29) ~[classes/:na]
	at com.bank.smartbank.dto.common.ErrorResponse.addDetails(ErrorResponse.java:29) ~[classes/:na]
	at com.bank.smartbank.dto.common.ErrorResponse.addDetails(ErrorResponse.java:29) ~[classes/:na]
	at com.bank.smartbank.dto.common.ErrorResponse.addDetails(ErrorResponse.java:29) ~[classes/:na]
	at com.bank.smartbank.dto.common.ErrorResponse.addDetails(ErrorResponse.java:29) ~[classes/:na]
	at com.bank.smartbank.dto.common.ErrorResponse.addDetails(ErrorResponse.java:29) ~[classes/:na]
	at com.bank.smartbank.dto.common.ErrorResponse.addDetails(ErrorResponse.java:29) ~[classes/:na]
	at com.bank.smartbank.dto.common.ErrorResponse.addDetails(ErrorResponse.java:29) ~[classes/:na]
	at com.bank.smartbank.dto.common.ErrorResponse.addDetails(ErrorResponse.java:29) ~[classes/:na]
	at com.bank.smartbank.dto.common.ErrorResponse.addDetails(ErrorResponse.java:29) ~[classes/:na]
	at com.bank.smartbank.dto.common.ErrorResponse.addDetails(ErrorResponse.java:29) ~[classes/:na]
	at com.bank.smartbank.dto.common.ErrorResponse.addDetails(ErrorResponse.java:29) ~[classes/:na]
	at com.bank.smartbank.dto.common.ErrorResponse.addDetails(ErrorResponse.java:29) ~[classes/:na]
	at com.bank.smartbank.dto.common.ErrorResponse.addDetails(ErrorResponse.java:29) ~[classes/:na]
	at com.bank.smartbank.dto.common.ErrorResponse.addDetails(ErrorResponse.java:29) ~[classes/:na]
	at com.bank.smartbank.dto.common.ErrorResponse.addDetails(ErrorResponse.java:29) ~[classes/:na]
	at com.bank.smartbank.dto.common.ErrorResponse.addDetails(ErrorResponse.java:29) ~[classes/:na]
	at com.bank.smartbank.dto.common.ErrorResponse.addDetails(ErrorResponse.java:29) ~[classes/:na]
	at com.bank.smartbank.dto.common.ErrorResponse.addDetails(ErrorResponse.java:29) ~[classes/:na]
	at com.bank.smartbank.dto.common.ErrorResponse.addDetails(ErrorResponse.java:29) ~[classes/:na]
	at com.bank.smartbank.dto.common.ErrorResponse.addDetails(ErrorResponse.java:29) ~[classes/:na]
	at com.bank.smartbank.dto.common.ErrorResponse.addDetails(ErrorResponse.java:29) ~[classes/:na]
	at com.bank.smartbank.dto.common.ErrorResponse.addDetails(ErrorResponse.java:29) ~[classes/:na]
	at com.bank.smartbank.dto.common.ErrorResponse.addDetails(ErrorResponse.java:29) ~[classes/:na]
	at com.bank.smartbank.dto.common.ErrorResponse.addDetails(ErrorResponse.java:29) ~[classes/:na]
	at com.bank.smartbank.dto.common.ErrorResponse.addDetails(ErrorResponse.java:29) ~[classes/:na]
	at com.bank.smartbank.dto.common.ErrorResponse.addDetails(ErrorResponse.java:29) ~[classes/:na]
	at com.bank.smartbank.dto.common.ErrorResponse.addDetails(ErrorResponse.java:29) ~[classes/:na]
	at com.bank.smartbank.dto.common.ErrorResponse.addDetails(ErrorResponse.java:29) ~[classes/:na]
	at com.bank.smartbank.dto.common.ErrorResponse.addDetails(ErrorResponse.java:29) ~[classes/:na]
	at com.bank.smartbank.dto.common.ErrorResponse.addDetails(ErrorResponse.java:29) ~[classes/:na]
	at com.bank.smartbank.dto.common.ErrorResponse.addDetails(ErrorResponse.java:29) ~[classes/:na]
	at com.bank.smartbank.dto.common.ErrorResponse.addDetails(ErrorResponse.java:29) ~[classes/:na]
	at com.bank.smartbank.dto.common.ErrorResponse.addDetails(ErrorResponse.java:29) ~[classes/:na]
	at com.bank.smartbank.dto.common.ErrorResponse.addDetails(ErrorResponse.java:29) ~[classes/:na]
	at com.bank.smartbank.dto.common.ErrorResponse.addDetails(ErrorResponse.java:29) ~[classes/:na]
	at com.bank.smartbank.dto.common.ErrorResponse.addDetails(ErrorResponse.java:29) ~[classes/:na]
	at com.bank.smartbank.dto.common.ErrorResponse.addDetails(ErrorResponse.java:29) ~[classes/:na]
	at com.bank.smartbank.dto.common.ErrorResponse.addDetails(ErrorResponse.java:29) ~[classes/:na]
	at com.bank.smartbank.dto.common.ErrorResponse.addDetails(ErrorResponse.java:29) ~[classes/:na]
	at com.bank.smartbank.dto.common.ErrorResponse.addDetails(ErrorResponse.java:29) ~[classes/:na]
	at com.bank.smartbank.dto.common.ErrorResponse.addDetails(ErrorResponse.java:29) ~[classes/:na]
	at com.bank.smartbank.dto.common.ErrorResponse.addDetails(ErrorResponse.java:29) ~[classes/:na]
	at com.bank.smartbank.dto.common.ErrorResponse.addDetails(ErrorResponse.java:29) ~[classes/:na]
	at com.bank.smartbank.dto.common.ErrorResponse.addDetails(ErrorResponse.java:29) ~[classes/:na]
	at com.bank.smartbank.dto.common.ErrorResponse.addDetails(ErrorResponse.java:29) ~[classes/:na]
	at com.bank.smartbank.dto.common.ErrorResponse.addDetails(ErrorResponse.java:29) ~[classes/:na]
	at com.bank.smartbank.dto.common.ErrorResponse.addDetails(ErrorResponse.java:29) ~[classes/:na]
	at com.bank.smartbank.dto.common.ErrorResponse.addDetails(ErrorResponse.java:29) ~[classes/:na]
	at com.bank.smartbank.dto.common.ErrorResponse.addDetails(ErrorResponse.java:29) ~[classes/:na]
	at com.bank.smartbank.dto.common.ErrorResponse.addDetails(ErrorResponse.java:29) ~[classes/:na]
	at com.bank.smartbank.dto.common.ErrorResponse.addDetails(ErrorResponse.java:29) ~[classes/:na]
	at com.bank.smartbank.dto.common.ErrorResponse.addDetails(ErrorResponse.java:29) ~[classes/:na]
	at com.bank.smartbank.dto.common.ErrorResponse.addDetails(ErrorResponse.java:29) ~[classes/:na]
	at com.bank.smartbank.dto.common.ErrorResponse.addDetails(ErrorResponse.java:29) ~[classes/:na]
	at com.bank.smartbank.dto.common.ErrorResponse.addDetails(ErrorResponse.java:29) ~[classes/:na]
	at com.bank.smartbank.dto.common.ErrorResponse.addDetails(ErrorResponse.java:29) ~[classes/:na]
	at com.bank.smartbank.dto.common.ErrorResponse.addDetails(ErrorResponse.java:29) ~[classes/:na]
	at com.bank.smartbank.dto.common.ErrorResponse.addDetails(ErrorResponse.java:29) ~[classes/:na]
	at com.bank.smartbank.dto.common.ErrorResponse.addDetails(ErrorResponse.java:29) ~[classes/:na]
	at com.bank.smartbank.dto.common.ErrorResponse.addDetails(ErrorResponse.java:29) ~[classes/:na]
	at com.bank.smartbank.dto.common.ErrorResponse.addDetails(ErrorResponse.java:29) ~[classes/:na]
	at com.bank.smartbank.dto.common.ErrorResponse.addDetails(ErrorResponse.java:29) ~[classes/:na]
	at com.bank.smartbank.dto.common.ErrorResponse.addDetails(ErrorResponse.java:29) ~[classes/:na]
	at com.bank.smartbank.dto.common.ErrorResponse.addDetails(ErrorResponse.java:29) ~[classes/:na]
	at com.bank.smartbank.dto.common.ErrorResponse.addDetails(ErrorResponse.java:29) ~[classes/:na]
	at com.bank.smartbank.dto.common.ErrorResponse.addDetails(ErrorResponse.java:29) ~[classes/:na]
	at com.bank.smartbank.dto.common.ErrorResponse.addDetails(ErrorResponse.java:29) ~[classes/:na]
	at com.bank.smartbank.dto.common.ErrorResponse.addDetails(ErrorResponse.java:29) ~[classes/:na]
	at com.bank.smartbank.dto.common.ErrorResponse.addDetails(ErrorResponse.java:29) ~[classes/:na]
	at com.bank.smartbank.dto.common.ErrorResponse.addDetails(ErrorResponse.java:29) ~[classes/:na]
	at com.bank.smartbank.dto.common.ErrorResponse.addDetails(ErrorResponse.java:29) ~[classes/:na]
	at com.bank.smartbank.dto.common.ErrorResponse.addDetails(ErrorResponse.java:29) ~[classes/:na]
	at com.bank.smartbank.dto.common.ErrorResponse.addDetails(ErrorResponse.java:29) ~[classes/:na]
	at com.bank.smartbank.dto.common.ErrorResponse.addDetails(ErrorResponse.java:29) ~[classes/:na]
	at com.bank.smartbank.dto.common.ErrorResponse.addDetails(ErrorResponse.java:29) ~[classes/:na]
	at com.bank.smartbank.dto.common.ErrorResponse.addDetails(ErrorResponse.java:29) ~[classes/:na]
	at com.bank.smartbank.dto.common.ErrorResponse.addDetails(ErrorResponse.java:29) ~[classes/:na]
	at com.bank.smartbank.dto.common.ErrorResponse.addDetails(ErrorResponse.java:29) ~[classes/:na]
	at com.bank.smartbank.dto.common.ErrorResponse.addDetails(ErrorResponse.java:29) ~[classes/:na]
	at com.bank.smartbank.dto.common.ErrorResponse.addDetails(ErrorResponse.java:29) ~[classes/:na]
	at com.bank.smartbank.dto.common.ErrorResponse.addDetails(ErrorResponse.java:29) ~[classes/:na]
	at com.bank.smartbank.dto.common.ErrorResponse.addDetails(ErrorResponse.java:29) ~[classes/:na]
	at com.bank.smartbank.dto.common.ErrorResponse.addDetails(ErrorResponse.java:29) ~[classes/:na]
	at com.bank.smartbank.dto.common.ErrorResponse.addDetails(ErrorResponse.java:29) ~[classes/:na]
	at com.bank.smartbank.dto.common.ErrorResponse.addDetails(ErrorResponse.java:29) ~[classes/:na]
	at com.bank.smartbank.dto.common.ErrorResponse.addDetails(ErrorResponse.java:29) ~[classes/:na]
	at com.bank.smartbank.dto.common.ErrorResponse.addDetails(ErrorResponse.java:29) ~[classes/:na]
	at com.bank.smartbank.dto.common.ErrorResponse.addDetails(ErrorResponse.java:29) ~[classes/:na]
	at com.bank.smartbank.dto.common.ErrorResponse.addDetails(ErrorResponse.java:29) ~[classes/:na]
	at com.bank.smartbank.dto.common.ErrorResponse.addDetails(ErrorResponse.java:29) ~[classes/:na]
	at com.bank.smartbank.dto.common.ErrorResponse.addDetails(ErrorResponse.java:29) ~[classes/:na]
	at com.bank.smartbank.dto.common.ErrorResponse.addDetails(ErrorResponse.java:29) ~[classes/:na]
	at com.bank.smartbank.dto.common.ErrorResponse.addDetails(ErrorResponse.java:29) ~[classes/:na]
	at com.bank.smartbank.dto.common.ErrorResponse.addDetails(ErrorResponse.java:29) ~[classes/:na]
	at com.bank.smartbank.dto.common.ErrorResponse.addDetails(ErrorResponse.java:29) ~[classes/:na]
	at com.bank.smartbank.dto.common.ErrorResponse.addDetails(ErrorResponse.java:29) ~[classes/:na]
	at com.bank.smartbank.dto.common.ErrorResponse.addDetails(ErrorResponse.java:29) ~[classes/:na]
	at com.bank.smartbank.dto.common.ErrorResponse.addDetails(ErrorResponse.java:29) ~[classes/:na]
	at com.bank.smartbank.dto.common.ErrorResponse.addDetails(ErrorResponse.java:29) ~[classes/:na]
	at com.bank.smartbank.dto.common.ErrorResponse.addDetails(ErrorResponse.java:29) ~[classes/:na]
	at com.bank.smartbank.dto.common.ErrorResponse.addDetails(ErrorResponse.java:29) ~[classes/:na]
	at com.bank.smartbank.dto.common.ErrorResponse.addDetails(ErrorResponse.java:29) ~[classes/:na]
	at com.bank.smartbank.dto.common.ErrorResponse.addDetails(ErrorResponse.java:29) ~[classes/:na]
	at com.bank.smartbank.dto.common.ErrorResponse.addDetails(ErrorResponse.java:29) ~[classes/:na]
	at com.bank.smartbank.dto.common.ErrorResponse.addDetails(ErrorResponse.java:29) ~[classes/:na]
	at com.bank.smartbank.dto.common.ErrorResponse.addDetails(ErrorResponse.java:29) ~[classes/:na]
	at com.bank.smartbank.dto.common.ErrorResponse.addDetails(ErrorResponse.java:29) ~[classes/:na]
	at com.bank.smartbank.dto.common.ErrorResponse.addDetails(ErrorResponse.java:29) ~[classes/:na]
	at com.bank.smartbank.dto.common.ErrorResponse.addDetails(ErrorResponse.java:29) ~[classes/:na]
	at com.bank.smartbank.dto.common.ErrorResponse.addDetails(ErrorResponse.java:29) ~[classes/:na]
	at com.bank.smartbank.dto.common.ErrorResponse.addDetails(ErrorResponse.java:29) ~[classes/:na]
	at com.bank.smartbank.dto.common.ErrorResponse.addDetails(ErrorResponse.java:29) ~[classes/:na]
	at com.bank.smartbank.dto.common.ErrorResponse.addDetails(ErrorResponse.java:29) ~[classes/:na]
	at com.bank.smartbank.dto.common.ErrorResponse.addDetails(ErrorResponse.java:29) ~[classes/:na]
	at com.bank.smartbank.dto.common.ErrorResponse.addDetails(ErrorResponse.java:29) ~[classes/:na]
	at com.bank.smartbank.dto.common.ErrorResponse.addDetails(ErrorResponse.java:29) ~[classes/:na]
	at com.bank.smartbank.dto.common.ErrorResponse.addDetails(ErrorResponse.java:29) ~[classes/:na]
	at com.bank.smartbank.dto.common.ErrorResponse.addDetails(ErrorResponse.java:29) ~[classes/:na]
	at com.bank.smartbank.dto.common.ErrorResponse.addDetails(ErrorResponse.java:29) ~[classes/:na]
	at com.bank.smartbank.dto.common.ErrorResponse.addDetails(ErrorResponse.java:29) ~[classes/:na]
	at com.bank.smartbank.dto.common.ErrorResponse.addDetails(ErrorResponse.java:29) ~[classes/:na]
	at com.bank.smartbank.dto.common.ErrorResponse.addDetails(ErrorResponse.java:29) ~[classes/:na]
	at com.bank.smartbank.dto.common.ErrorResponse.addDetails(ErrorResponse.java:29) ~[classes/:na]
	at com.bank.smartbank.dto.common.ErrorResponse.addDetails(ErrorResponse.java:29) ~[classes/:na]
	at com.bank.smartbank.dto.common.ErrorResponse.addDetails(ErrorResponse.java:29) ~[classes/:na]
	at com.bank.smartbank.dto.common.ErrorResponse.addDetails(ErrorResponse.java:29) ~[classes/:na]
	at com.bank.smartbank.dto.common.ErrorResponse.addDetails(ErrorResponse.java:29) ~[classes/:na]
	at com.bank.smartbank.dto.common.ErrorResponse.addDetails(ErrorResponse.java:29) ~[classes/:na]
	at com.bank.smartbank.dto.common.ErrorResponse.addDetails(ErrorResponse.java:29) ~[classes/:na]
	at com.bank.smartbank.dto.common.ErrorResponse.addDetails(ErrorResponse.java:29) ~[classes/:na]
	at com.bank.smartbank.dto.common.ErrorResponse.addDetails(ErrorResponse.java:29) ~[classes/:na]
	at com.bank.smartbank.dto.common.ErrorResponse.addDetails(ErrorResponse.java:29) ~[classes/:na]
	at com.bank.smartbank.dto.common.ErrorResponse.addDetails(ErrorResponse.java:29) ~[classes/:na]
	at com.bank.smartbank.dto.common.ErrorResponse.addDetails(ErrorResponse.java:29) ~[classes/:na]
	at com.bank.smartbank.dto.common.ErrorResponse.addDetails(ErrorResponse.java:29) ~[classes/:na]
	at com.bank.smartbank.dto.common.ErrorResponse.addDetails(ErrorResponse.java:29) ~[classes/:na]
	at com.bank.smartbank.dto.common.ErrorResponse.addDetails(ErrorResponse.java:29) ~[classes/:na]
	at com.bank.smartbank.dto.common.ErrorResponse.addDetails(ErrorResponse.java:29) ~[classes/:na]
	at com.bank.smartbank.dto.common.ErrorResponse.addDetails(ErrorResponse.java:29) ~[classes/:na]
	at com.bank.smartbank.dto.common.ErrorResponse.addDetails(ErrorResponse.java:29) ~[classes/:na]
	at com.bank.smartbank.dto.common.ErrorResponse.addDetails(ErrorResponse.java:29) ~[classes/:na]
	at com.bank.smartbank.dto.common.ErrorResponse.addDetails(ErrorResponse.java:29) ~[classes/:na]
	at com.bank.smartbank.dto.common.ErrorResponse.addDetails(ErrorResponse.java:29) ~[classes/:na]
	at com.bank.smartbank.dto.common.ErrorResponse.addDetails(ErrorResponse.java:29) ~[classes/:na]
	at com.bank.smartbank.dto.common.ErrorResponse.addDetails(ErrorResponse.java:29) ~[classes/:na]
	at com.bank.smartbank.dto.common.ErrorResponse.addDetails(ErrorResponse.java:29) ~[classes/:na]
	at com.bank.smartbank.dto.common.ErrorResponse.addDetails(ErrorResponse.java:29) ~[classes/:na]
	at com.bank.smartbank.dto.common.ErrorResponse.addDetails(ErrorResponse.java:29) ~[classes/:na]
	at com.bank.smartbank.dto.common.ErrorResponse.addDetails(ErrorResponse.java:29) ~[classes/:na]
	at com.bank.smartbank.dto.common.ErrorResponse.addDetails(ErrorResponse.java:29) ~[classes/:na]
	at com.bank.smartbank.dto.common.ErrorResponse.addDetails(ErrorResponse.java:29) ~[classes/:na]
	at com.bank.smartbank.dto.common.ErrorResponse.addDetails(ErrorResponse.java:29) ~[classes/:na]
	at com.bank.smartbank.dto.common.ErrorResponse.addDetails(ErrorResponse.java:29) ~[classes/:na]
	at com.bank.smartbank.dto.common.ErrorResponse.addDetails(ErrorResponse.java:29) ~[classes/:na]
	at com.bank.smartbank.dto.common.ErrorResponse.addDetails(ErrorResponse.java:29) ~[classes/:na]
	at com.bank.smartbank.dto.common.ErrorResponse.addDetails(ErrorResponse.java:29) ~[classes/:na]
	at com.bank.smartbank.dto.common.ErrorResponse.addDetails(ErrorResponse.java:29) ~[classes/:na]
	at com.bank.smartbank.dto.common.ErrorResponse.addDetails(ErrorResponse.java:29) ~[classes/:na]
	at com.bank.smartbank.dto.common.ErrorResponse.addDetails(ErrorResponse.java:29) ~[classes/:na]
	at com.bank.smartbank.dto.common.ErrorResponse.addDetails(ErrorResponse.java:29) ~[classes/:na]
	at com.bank.smartbank.dto.common.ErrorResponse.addDetails(ErrorResponse.java:29) ~[classes/:na]
	at com.bank.smartbank.dto.common.ErrorResponse.addDetails(ErrorResponse.java:29) ~[classes/:na]
	at com.bank.smartbank.dto.common.ErrorResponse.addDetails(ErrorResponse.java:29) ~[classes/:na]
	at com.bank.smartbank.dto.common.ErrorResponse.addDetails(ErrorResponse.java:29) ~[classes/:na]
	at com.bank.smartbank.dto.common.ErrorResponse.addDetails(ErrorResponse.java:29) ~[classes/:na]
	at com.bank.smartbank.dto.common.ErrorResponse.addDetails(ErrorResponse.java:29) ~[classes/:na]
	at com.bank.smartbank.dto.common.ErrorResponse.addDetails(ErrorResponse.java:29) ~[classes/:na]
	at com.bank.smartbank.dto.common.ErrorResponse.addDetails(ErrorResponse.java:29) ~[classes/:na]
	at com.bank.smartbank.dto.common.ErrorResponse.addDetails(ErrorResponse.java:29) ~[classes/:na]
	at com.bank.smartbank.dto.common.ErrorResponse.addDetails(ErrorResponse.java:29) ~[classes/:na]
	at com.bank.smartbank.dto.common.ErrorResponse.addDetails(ErrorResponse.java:29) ~[classes/:na]
	at com.bank.smartbank.dto.common.ErrorResponse.addDetails(ErrorResponse.java:29) ~[classes/:na]
	at com.bank.smartbank.dto.common.ErrorResponse.addDetails(ErrorResponse.java:29) ~[classes/:na]
	at com.bank.smartbank.dto.common.ErrorResponse.addDetails(ErrorResponse.java:29) ~[classes/:na]
	at com.bank.smartbank.dto.common.ErrorResponse.addDetails(ErrorResponse.java:29) ~[classes/:na]
	at com.bank.smartbank.dto.common.ErrorResponse.addDetails(ErrorResponse.java:29) ~[classes/:na]
	at com.bank.smartbank.dto.common.ErrorResponse.addDetails(ErrorResponse.java:29) ~[classes/:na]
	at com.bank.smartbank.dto.common.ErrorResponse.addDetails(ErrorResponse.java:29) ~[classes/:na]
	at com.bank.smartbank.dto.common.ErrorResponse.addDetails(ErrorResponse.java:29) ~[classes/:na]
	at com.bank.smartbank.dto.common.ErrorResponse.addDetails(ErrorResponse.java:29) ~[classes/:na]
	at com.bank.smartbank.dto.common.ErrorResponse.addDetails(ErrorResponse.java:29) ~[classes/:na]
	at com.bank.smartbank.dto.common.ErrorResponse.addDetails(ErrorResponse.java:29) ~[classes/:na]
	at com.bank.smartbank.dto.common.ErrorResponse.addDetails(ErrorResponse.java:29) ~[classes/:na]
	at com.bank.smartbank.dto.common.ErrorResponse.addDetails(ErrorResponse.java:29) ~[classes/:na]
	at com.bank.smartbank.dto.common.ErrorResponse.addDetails(ErrorResponse.java:29) ~[classes/:na]
	at com.bank.smartbank.dto.common.ErrorResponse.addDetails(ErrorResponse.java:29) ~[classes/:na]
	at com.bank.smartbank.dto.common.ErrorResponse.addDetails(ErrorResponse.java:29) ~[classes/:na]
	at com.bank.smartbank.dto.common.ErrorResponse.addDetails(ErrorResponse.java:29) ~[classes/:na]
	at com.bank.smartbank.dto.common.ErrorResponse.addDetails(ErrorResponse.java:29) ~[classes/:na]
	at com.bank.smartbank.dto.common.ErrorResponse.addDetails(ErrorResponse.java:29) ~[classes/:na]
	at com.bank.smartbank.dto.common.ErrorResponse.addDetails(ErrorResponse.java:29) ~[classes/:na]
	at com.bank.smartbank.dto.common.ErrorResponse.addDetails(ErrorResponse.java:29) ~[classes/:na]
	at com.bank.smartbank.dto.common.ErrorResponse.addDetails(ErrorResponse.java:29) ~[classes/:na]
	at com.bank.smartbank.dto.common.ErrorResponse.addDetails(ErrorResponse.java:29) ~[classes/:na]
	at com.bank.smartbank.dto.common.ErrorResponse.addDetails(ErrorResponse.java:29) ~[classes/:na]
	at com.bank.smartbank.dto.common.ErrorResponse.addDetails(ErrorResponse.java:29) ~[classes/:na]
	at com.bank.smartbank.dto.common.ErrorResponse.addDetails(ErrorResponse.java:29) ~[classes/:na]
	at com.bank.smartbank.dto.common.ErrorResponse.addDetails(ErrorResponse.java:29) ~[classes/:na]
	at com.bank.smartbank.dto.common.ErrorResponse.addDetails(ErrorResponse.java:29) ~[classes/:na]
	at com.bank.smartbank.dto.common.ErrorResponse.addDetails(ErrorResponse.java:29) ~[classes/:na]
	at com.bank.smartbank.dto.common.ErrorResponse.addDetails(ErrorResponse.java:29) ~[classes/:na]
	at com.bank.smartbank.dto.common.ErrorResponse.addDetails(ErrorResponse.java:29) ~[classes/:na]
	at com.bank.smartbank.dto.common.ErrorResponse.addDetails(ErrorResponse.java:29) ~[classes/:na]
	at com.bank.smartbank.dto.common.ErrorResponse.addDetails(ErrorResponse.java:29) ~[classes/:na]
	at com.bank.smartbank.dto.common.ErrorResponse.addDetails(ErrorResponse.java:29) ~[classes/:na]
	at com.bank.smartbank.dto.common.ErrorResponse.addDetails(ErrorResponse.java:29) ~[classes/:na]
	at com.bank.smartbank.dto.common.ErrorResponse.addDetails(ErrorResponse.java:29) ~[classes/:na]
	at com.bank.smartbank.dto.common.ErrorResponse.addDetails(ErrorResponse.java:29) ~[classes/:na]
	at com.bank.smartbank.dto.common.ErrorResponse.addDetails(ErrorResponse.java:29) ~[classes/:na]
	at com.bank.smartbank.dto.common.ErrorResponse.addDetails(ErrorResponse.java:29) ~[classes/:na]
	at com.bank.smartbank.dto.common.ErrorResponse.addDetails(ErrorResponse.java:29) ~[classes/:na]
	at com.bank.smartbank.dto.common.ErrorResponse.addDetails(ErrorResponse.java:29) ~[classes/:na]
	at com.bank.smartbank.dto.common.ErrorResponse.addDetails(ErrorResponse.java:29) ~[classes/:na]
	at com.bank.smartbank.dto.common.ErrorResponse.addDetails(ErrorResponse.java:29) ~[classes/:na]
	at com.bank.smartbank.dto.common.ErrorResponse.addDetails(ErrorResponse.java:29) ~[classes/:na]
	at com.bank.smartbank.dto.common.ErrorResponse.addDetails(ErrorResponse.java:29) ~[classes/:na]
	at com.bank.smartbank.dto.common.ErrorResponse.addDetails(ErrorResponse.java:29) ~[classes/:na]
	at com.bank.smartbank.dto.common.ErrorResponse.addDetails(ErrorResponse.java:29) ~[classes/:na]
	at com.bank.smartbank.dto.common.ErrorResponse.addDetails(ErrorResponse.java:29) ~[classes/:na]
	at com.bank.smartbank.dto.common.ErrorResponse.addDetails(ErrorResponse.java:29) ~[classes/:na]
	at com.bank.smartbank.dto.common.ErrorResponse.addDetails(ErrorResponse.java:29) ~[classes/:na]
	at com.bank.smartbank.dto.common.ErrorResponse.addDetails(ErrorResponse.java:29) ~[classes/:na]
	at com.bank.smartbank.dto.common.ErrorResponse.addDetails(ErrorResponse.java:29) ~[classes/:na]
	at com.bank.smartbank.dto.common.ErrorResponse.addDetails(ErrorResponse.java:29) ~[classes/:na]
	at com.bank.smartbank.dto.common.ErrorResponse.addDetails(ErrorResponse.java:29) ~[classes/:na]
	at com.bank.smartbank.dto.common.ErrorResponse.addDetails(ErrorResponse.java:29) ~[classes/:na]
	at com.bank.smartbank.dto.common.ErrorResponse.addDetails(ErrorResponse.java:29) ~[classes/:na]
	at com.bank.smartbank.dto.common.ErrorResponse.addDetails(ErrorResponse.java:29) ~[classes/:na]
	at com.bank.smartbank.dto.common.ErrorResponse.addDetails(ErrorResponse.java:29) ~[classes/:na]
	at com.bank.smartbank.dto.common.ErrorResponse.addDetails(ErrorResponse.java:29) ~[classes/:na]
	at com.bank.smartbank.dto.common.ErrorResponse.addDetails(ErrorResponse.java:29) ~[classes/:na]
	at com.bank.smartbank.dto.common.ErrorResponse.addDetails(ErrorResponse.java:29) ~[classes/:na]
	at com.bank.smartbank.dto.common.ErrorResponse.addDetails(ErrorResponse.java:29) ~[classes/:na]
	at com.bank.smartbank.dto.common.ErrorResponse.addDetails(ErrorResponse.java:29) ~[classes/:na]
	at com.bank.smartbank.dto.common.ErrorResponse.addDetails(ErrorResponse.java:29) ~[classes/:na]
	at com.bank.smartbank.dto.common.ErrorResponse.addDetails(ErrorResponse.java:29) ~[classes/:na]
	at com.bank.smartbank.dto.common.ErrorResponse.addDetails(ErrorResponse.java:29) ~[classes/:na]
	at com.bank.smartbank.dto.common.ErrorResponse.addDetails(ErrorResponse.java:29) ~[classes/:na]
	at com.bank.smartbank.dto.common.ErrorResponse.addDetails(ErrorResponse.java:29) ~[classes/:na]
	at com.bank.smartbank.dto.common.ErrorResponse.addDetails(ErrorResponse.java:29) ~[classes/:na]
	at com.bank.smartbank.dto.common.ErrorResponse.addDetails(ErrorResponse.java:29) ~[classes/:na]
	at com.bank.smartbank.dto.common.ErrorResponse.addDetails(ErrorResponse.java:29) ~[classes/:na]
	at com.bank.smartbank.dto.common.ErrorResponse.addDetails(ErrorResponse.java:29) ~[classes/:na]
	at com.bank.smartbank.dto.common.ErrorResponse.addDetails(ErrorResponse.java:29) ~[classes/:na]
	at com.bank.smartbank.dto.common.ErrorResponse.addDetails(ErrorResponse.java:29) ~[classes/:na]
	at com.bank.smartbank.dto.common.ErrorResponse.addDetails(ErrorResponse.java:29) ~[classes/:na]
	at com.bank.smartbank.dto.common.ErrorResponse.addDetails(ErrorResponse.java:29) ~[classes/:na]
	at com.bank.smartbank.dto.common.ErrorResponse.addDetails(ErrorResponse.java:29) ~[classes/:na]
	at com.bank.smartbank.dto.common.ErrorResponse.addDetails(ErrorResponse.java:29) ~[classes/:na]
	at com.bank.smartbank.dto.common.ErrorResponse.addDetails(ErrorResponse.java:29) ~[classes/:na]
	at com.bank.smartbank.dto.common.ErrorResponse.addDetails(ErrorResponse.java:29) ~[classes/:na]
	at com.bank.smartbank.dto.common.ErrorResponse.addDetails(ErrorResponse.java:29) ~[classes/:na]
	at com.bank.smartbank.dto.common.ErrorResponse.addDetails(ErrorResponse.java:29) ~[classes/:na]
	at com.bank.smartbank.dto.common.ErrorResponse.addDetails(ErrorResponse.java:29) ~[classes/:na]
	at com.bank.smartbank.dto.common.ErrorResponse.addDetails(ErrorResponse.java:29) ~[classes/:na]
	at com.bank.smartbank.dto.common.ErrorResponse.addDetails(ErrorResponse.java:29) ~[classes/:na]
	at com.bank.smartbank.dto.common.ErrorResponse.addDetails(ErrorResponse.java:29) ~[classes/:na]
	at com.bank.smartbank.dto.common.ErrorResponse.addDetails(ErrorResponse.java:29) ~[classes/:na]
	at com.bank.smartbank.dto.common.ErrorResponse.addDetails(ErrorResponse.java:29) ~[classes/:na]
	at com.bank.smartbank.dto.common.ErrorResponse.addDetails(ErrorResponse.java:29) ~[classes/:na]
	at com.bank.smartbank.dto.common.ErrorResponse.addDetails(ErrorResponse.java:29) ~[classes/:na]
	at com.bank.smartbank.dto.common.ErrorResponse.addDetails(ErrorResponse.java:29) ~[classes/:na]
	at com.bank.smartbank.dto.common.ErrorResponse.addDetails(ErrorResponse.java:29) ~[classes/:na]
	at com.bank.smartbank.dto.common.ErrorResponse.addDetails(ErrorResponse.java:29) ~[classes/:na]
	at com.bank.smartbank.dto.common.ErrorResponse.addDetails(ErrorResponse.java:29) ~[classes/:na]
	at com.bank.smartbank.dto.common.ErrorResponse.addDetails(ErrorResponse.java:29) ~[classes/:na]
	at com.bank.smartbank.dto.common.ErrorResponse.addDetails(ErrorResponse.java:29) ~[classes/:na]
	at com.bank.smartbank.dto.common.ErrorResponse.addDetails(ErrorResponse.java:29) ~[classes/:na]
	at com.bank.smartbank.dto.common.ErrorResponse.addDetails(ErrorResponse.java:29) ~[classes/:na]
	at com.bank.smartbank.dto.common.ErrorResponse.addDetails(ErrorResponse.java:29) ~[classes/:na]
	at com.bank.smartbank.dto.common.ErrorResponse.addDetails(ErrorResponse.java:29) ~[classes/:na]
	at com.bank.smartbank.dto.common.ErrorResponse.addDetails(ErrorResponse.java:29) ~[classes/:na]
	at com.bank.smartbank.dto.common.ErrorResponse.addDetails(ErrorResponse.java:29) ~[classes/:na]
	at com.bank.smartbank.dto.common.ErrorResponse.addDetails(ErrorResponse.java:29) ~[classes/:na]
	at com.bank.smartbank.dto.common.ErrorResponse.addDetails(ErrorResponse.java:29) ~[classes/:na]
	at com.bank.smartbank.dto.common.ErrorResponse.addDetails(ErrorResponse.java:29) ~[classes/:na]
	at com.bank.smartbank.dto.common.ErrorResponse.addDetails(ErrorResponse.java:29) ~[classes/:na]
	at com.bank.smartbank.dto.common.ErrorResponse.addDetails(ErrorResponse.java:29) ~[classes/:na]
	at com.bank.smartbank.dto.common.ErrorResponse.addDetails(ErrorResponse.java:29) ~[classes/:na]
	at com.bank.smartbank.dto.common.ErrorResponse.addDetails(ErrorResponse.java:29) ~[classes/:na]
	at com.bank.smartbank.dto.common.ErrorResponse.addDetails(ErrorResponse.java:29) ~[classes/:na]
	at com.bank.smartbank.dto.common.ErrorResponse.addDetails(ErrorResponse.java:29) ~[classes/:na]
	at com.bank.smartbank.dto.common.ErrorResponse.addDetails(ErrorResponse.java:29) ~[classes/:na]
	at com.bank.smartbank.dto.common.ErrorResponse.addDetails(ErrorResponse.java:29) ~[classes/:na]
	at com.bank.smartbank.dto.common.ErrorResponse.addDetails(ErrorResponse.java:29) ~[classes/:na]
	at com.bank.smartbank.dto.common.ErrorResponse.addDetails(ErrorResponse.java:29) ~[classes/:na]
	at com.bank.smartbank.dto.common.ErrorResponse.addDetails(ErrorResponse.java:29) ~[classes/:na]
	at com.bank.smartbank.dto.common.ErrorResponse.addDetails(ErrorResponse.java:29) ~[classes/:na]
	at com.bank.smartbank.dto.common.ErrorResponse.addDetails(ErrorResponse.java:29) ~[classes/:na]
	at com.bank.smartbank.dto.common.ErrorResponse.addDetails(ErrorResponse.java:29) ~[classes/:na]
	at com.bank.smartbank.dto.common.ErrorResponse.addDetails(ErrorResponse.java:29) ~[classes/:na]
	at com.bank.smartbank.dto.common.ErrorResponse.addDetails(ErrorResponse.java:29) ~[classes/:na]
	at com.bank.smartbank.dto.common.ErrorResponse.addDetails(ErrorResponse.java:29) ~[classes/:na]
	at com.bank.smartbank.dto.common.ErrorResponse.addDetails(ErrorResponse.java:29) ~[classes/:na]
	at com.bank.smartbank.dto.common.ErrorResponse.addDetails(ErrorResponse.java:29) ~[classes/:na]
	at com.bank.smartbank.dto.common.ErrorResponse.addDetails(ErrorResponse.java:29) ~[classes/:na]
	at com.bank.smartbank.dto.common.ErrorResponse.addDetails(ErrorResponse.java:29) ~[classes/:na]
	at com.bank.smartbank.dto.common.ErrorResponse.addDetails(ErrorResponse.java:29) ~[classes/:na]
	at com.bank.smartbank.dto.common.ErrorResponse.addDetails(ErrorResponse.java:29) ~[classes/:na]
	at com.bank.smartbank.dto.common.ErrorResponse.addDetails(ErrorResponse.java:29) ~[classes/:na]
	at com.bank.smartbank.dto.common.ErrorResponse.addDetails(ErrorResponse.java:29) ~[classes/:na]
	at com.bank.smartbank.dto.common.ErrorResponse.addDetails(ErrorResponse.java:29) ~[classes/:na]
	at com.bank.smartbank.dto.common.ErrorResponse.addDetails(ErrorResponse.java:29) ~[classes/:na]
	at com.bank.smartbank.dto.common.ErrorResponse.addDetails(ErrorResponse.java:29) ~[classes/:na]
	at com.bank.smartbank.dto.common.ErrorResponse.addDetails(ErrorResponse.java:29) ~[classes/:na]
	at com.bank.smartbank.dto.common.ErrorResponse.addDetails(ErrorResponse.java:29) ~[classes/:na]
	at com.bank.smartbank.dto.common.ErrorResponse.addDetails(ErrorResponse.java:29) ~[classes/:na]
	at com.bank.smartbank.dto.common.ErrorResponse.addDetails(ErrorResponse.java:29) ~[classes/:na]
	at com.bank.smartbank.dto.common.ErrorResponse.addDetails(ErrorResponse.java:29) ~[classes/:na]
	at com.bank.smartbank.dto.common.ErrorResponse.addDetails(ErrorResponse.java:29) ~[classes/:na]
	at com.bank.smartbank.dto.common.ErrorResponse.addDetails(ErrorResponse.java:29) ~[classes/:na]
	at com.bank.smartbank.dto.common.ErrorResponse.addDetails(ErrorResponse.java:29) ~[classes/:na]
	at com.bank.smartbank.dto.common.ErrorResponse.addDetails(ErrorResponse.java:29) ~[classes/:na]
	at com.bank.smartbank.dto.common.ErrorResponse.addDetails(ErrorResponse.java:29) ~[classes/:na]
	at com.bank.smartbank.dto.common.ErrorResponse.addDetails(ErrorResponse.java:29) ~[classes/:na]
	at com.bank.smartbank.dto.common.ErrorResponse.addDetails(ErrorResponse.java:29) ~[classes/:na]
	at com.bank.smartbank.dto.common.ErrorResponse.addDetails(ErrorResponse.java:29) ~[classes/:na]
	at com.bank.smartbank.dto.common.ErrorResponse.addDetails(ErrorResponse.java:29) ~[classes/:na]
	at com.bank.smartbank.dto.common.ErrorResponse.addDetails(ErrorResponse.java:29) ~[classes/:na]
	at com.bank.smartbank.dto.common.ErrorResponse.addDetails(ErrorResponse.java:29) ~[classes/:na]
	at com.bank.smartbank.dto.common.ErrorResponse.addDetails(ErrorResponse.java:29) ~[classes/:na]
	at com.bank.smartbank.dto.common.ErrorResponse.addDetails(ErrorResponse.java:29) ~[classes/:na]
	at com.bank.smartbank.dto.common.ErrorResponse.addDetails(ErrorResponse.java:29) ~[classes/:na]
	at com.bank.smartbank.dto.common.ErrorResponse.addDetails(ErrorResponse.java:29) ~[classes/:na]
	at com.bank.smartbank.dto.common.ErrorResponse.addDetails(ErrorResponse.java:29) ~[classes/:na]
	at com.bank.smartbank.dto.common.ErrorResponse.addDetails(ErrorResponse.java:29) ~[classes/:na]
	at com.bank.smartbank.dto.common.ErrorResponse.addDetails(ErrorResponse.java:29) ~[classes/:na]
	at com.bank.smartbank.dto.common.ErrorResponse.addDetails(ErrorResponse.java:29) ~[classes/:na]
	at com.bank.smartbank.dto.common.ErrorResponse.addDetails(ErrorResponse.java:29) ~[classes/:na]
	at com.bank.smartbank.dto.common.ErrorResponse.addDetails(ErrorResponse.java:29) ~[classes/:na]
	at com.bank.smartbank.dto.common.ErrorResponse.addDetails(ErrorResponse.java:29) ~[classes/:na]
	at com.bank.smartbank.dto.common.ErrorResponse.addDetails(ErrorResponse.java:29) ~[classes/:na]
	at com.bank.smartbank.dto.common.ErrorResponse.addDetails(ErrorResponse.java:29) ~[classes/:na]
	at com.bank.smartbank.dto.common.ErrorResponse.addDetails(ErrorResponse.java:29) ~[classes/:na]
	at com.bank.smartbank.dto.common.ErrorResponse.addDetails(ErrorResponse.java:29) ~[classes/:na]
	at com.bank.smartbank.dto.common.ErrorResponse.addDetails(ErrorResponse.java:29) ~[classes/:na]
	at com.bank.smartbank.dto.common.ErrorResponse.addDetails(ErrorResponse.java:29) ~[classes/:na]
	at com.bank.smartbank.dto.common.ErrorResponse.addDetails(ErrorResponse.java:29) ~[classes/:na]
	at com.bank.smartbank.dto.common.ErrorResponse.addDetails(ErrorResponse.java:29) ~[classes/:na]
	at com.bank.smartbank.dto.common.ErrorResponse.addDetails(ErrorResponse.java:29) ~[classes/:na]
	at com.bank.smartbank.dto.common.ErrorResponse.addDetails(ErrorResponse.java:29) ~[classes/:na]
	at com.bank.smartbank.dto.common.ErrorResponse.addDetails(ErrorResponse.java:29) ~[classes/:na]
	at com.bank.smartbank.dto.common.ErrorResponse.addDetails(ErrorResponse.java:29) ~[classes/:na]
	at com.bank.smartbank.dto.common.ErrorResponse.addDetails(ErrorResponse.java:29) ~[classes/:na]
	at com.bank.smartbank.dto.common.ErrorResponse.addDetails(ErrorResponse.java:29) ~[classes/:na]
	at com.bank.smartbank.dto.common.ErrorResponse.addDetails(ErrorResponse.java:29) ~[classes/:na]
	at com.bank.smartbank.dto.common.ErrorResponse.addDetails(ErrorResponse.java:29) ~[classes/:na]
	at com.bank.smartbank.dto.common.ErrorResponse.addDetails(ErrorResponse.java:29) ~[classes/:na]
	at com.bank.smartbank.dto.common.ErrorResponse.addDetails(ErrorResponse.java:29) ~[classes/:na]
	at com.bank.smartbank.dto.common.ErrorResponse.addDetails(ErrorResponse.java:29) ~[classes/:na]
	at com.bank.smartbank.dto.common.ErrorResponse.addDetails(ErrorResponse.java:29) ~[classes/:na]
	at com.bank.smartbank.dto.common.ErrorResponse.addDetails(ErrorResponse.java:29) ~[classes/:na]
	at com.bank.smartbank.dto.common.ErrorResponse.addDetails(ErrorResponse.java:29) ~[classes/:na]
	at com.bank.smartbank.dto.common.ErrorResponse.addDetails(ErrorResponse.java:29) ~[classes/:na]
	at com.bank.smartbank.dto.common.ErrorResponse.addDetails(ErrorResponse.java:29) ~[classes/:na]
	at com.bank.smartbank.dto.common.ErrorResponse.addDetails(ErrorResponse.java:29) ~[classes/:na]
	at com.bank.smartbank.dto.common.ErrorResponse.addDetails(ErrorResponse.java:29) ~[classes/:na]
	at com.bank.smartbank.dto.common.ErrorResponse.addDetails(ErrorResponse.java:29) ~[classes/:na]
	at com.bank.smartbank.dto.common.ErrorResponse.addDetails(ErrorResponse.java:29) ~[classes/:na]
	at com.bank.smartbank.dto.common.ErrorResponse.addDetails(ErrorResponse.java:29) ~[classes/:na]
	at com.bank.smartbank.dto.common.ErrorResponse.addDetails(ErrorResponse.java:29) ~[classes/:na]
	at com.bank.smartbank.dto.common.ErrorResponse.addDetails(ErrorResponse.java:29) ~[classes/:na]
	at com.bank.smartbank.dto.common.ErrorResponse.addDetails(ErrorResponse.java:29) ~[classes/:na]
	at com.bank.smartbank.dto.common.ErrorResponse.addDetails(ErrorResponse.java:29) ~[classes/:na]
	at com.bank.smartbank.dto.common.ErrorResponse.addDetails(ErrorResponse.java:29) ~[classes/:na]
	at com.bank.smartbank.dto.common.ErrorResponse.addDetails(ErrorResponse.java:29) ~[classes/:na]
	at com.bank.smartbank.dto.common.ErrorResponse.addDetails(ErrorResponse.java:29) ~[classes/:na]
	at com.bank.smartbank.dto.common.ErrorResponse.addDetails(ErrorResponse.java:29) ~[classes/:na]
	at com.bank.smartbank.dto.common.ErrorResponse.addDetails(ErrorResponse.java:29) ~[classes/:na]
	at com.bank.smartbank.dto.common.ErrorResponse.addDetails(ErrorResponse.java:29) ~[classes/:na]
	at com.bank.smartbank.dto.common.ErrorResponse.addDetails(ErrorResponse.java:29) ~[classes/:na]
	at com.bank.smartbank.dto.common.ErrorResponse.addDetails(ErrorResponse.java:29) ~[classes/:na]
	at com.bank.smartbank.dto.common.ErrorResponse.addDetails(ErrorResponse.java:29) ~[classes/:na]
	at com.bank.smartbank.dto.common.ErrorResponse.addDetails(ErrorResponse.java:29) ~[classes/:na]
	at com.bank.smartbank.dto.common.ErrorResponse.addDetails(ErrorResponse.java:29) ~[classes/:na]
	at com.bank.smartbank.dto.common.ErrorResponse.addDetails(ErrorResponse.java:29) ~[classes/:na]
	at com.bank.smartbank.dto.common.ErrorResponse.addDetails(ErrorResponse.java:29) ~[classes/:na]
	at com.bank.smartbank.dto.common.ErrorResponse.addDetails(ErrorResponse.java:29) ~[classes/:na]
	at com.bank.smartbank.dto.common.ErrorResponse.addDetails(ErrorResponse.java:29) ~[classes/:na]
	at com.bank.smartbank.dto.common.ErrorResponse.addDetails(ErrorResponse.java:29) ~[classes/:na]
	at com.bank.smartbank.dto.common.ErrorResponse.addDetails(ErrorResponse.java:29) ~[classes/:na]
	at com.bank.smartbank.dto.common.ErrorResponse.addDetails(ErrorResponse.java:29) ~[classes/:na]
	at com.bank.smartbank.dto.common.ErrorResponse.addDetails(ErrorResponse.java:29) ~[classes/:na]
	at com.bank.smartbank.dto.common.ErrorResponse.addDetails(ErrorResponse.java:29) ~[classes/:na]
	at com.bank.smartbank.dto.common.ErrorResponse.addDetails(ErrorResponse.java:29) ~[classes/:na]
	at com.bank.smartbank.dto.common.ErrorResponse.addDetails(ErrorResponse.java:29) ~[classes/:na]
	at com.bank.smartbank.dto.common.ErrorResponse.addDetails(ErrorResponse.java:29) ~[classes/:na]
	at com.bank.smartbank.dto.common.ErrorResponse.addDetails(ErrorResponse.java:29) ~[classes/:na]
	at com.bank.smartbank.dto.common.ErrorResponse.addDetails(ErrorResponse.java:29) ~[classes/:na]
	at com.bank.smartbank.dto.common.ErrorResponse.addDetails(ErrorResponse.java:29) ~[classes/:na]
	at com.bank.smartbank.dto.common.ErrorResponse.addDetails(ErrorResponse.java:29) ~[classes/:na]
	at com.bank.smartbank.dto.common.ErrorResponse.addDetails(ErrorResponse.java:29) ~[classes/:na]
	at com.bank.smartbank.dto.common.ErrorResponse.addDetails(ErrorResponse.java:29) ~[classes/:na]
	at com.bank.smartbank.dto.common.ErrorResponse.addDetails(ErrorResponse.java:29) ~[classes/:na]
	at com.bank.smartbank.dto.common.ErrorResponse.addDetails(ErrorResponse.java:29) ~[classes/:na]
	at com.bank.smartbank.dto.common.ErrorResponse.addDetails(ErrorResponse.java:29) ~[classes/:na]
	at com.bank.smartbank.dto.common.ErrorResponse.addDetails(ErrorResponse.java:29) ~[classes/:na]
	at com.bank.smartbank.dto.common.ErrorResponse.addDetails(ErrorResponse.java:29) ~[classes/:na]
	at com.bank.smartbank.dto.common.ErrorResponse.addDetails(ErrorResponse.java:29) ~[classes/:na]
	at com.bank.smartbank.dto.common.ErrorResponse.addDetails(ErrorResponse.java:29) ~[classes/:na]
	at com.bank.smartbank.dto.common.ErrorResponse.addDetails(ErrorResponse.java:29) ~[classes/:na]
	at com.bank.smartbank.dto.common.ErrorResponse.addDetails(ErrorResponse.java:29) ~[classes/:na]
	at com.bank.smartbank.dto.common.ErrorResponse.addDetails(ErrorResponse.java:29) ~[classes/:na]
	at com.bank.smartbank.dto.common.ErrorResponse.addDetails(ErrorResponse.java:29) ~[classes/:na]
	at com.bank.smartbank.dto.common.ErrorResponse.addDetails(ErrorResponse.java:29) ~[classes/:na]
	at com.bank.smartbank.dto.common.ErrorResponse.addDetails(ErrorResponse.java:29) ~[classes/:na]
	at com.bank.smartbank.dto.common.ErrorResponse.addDetails(ErrorResponse.java:29) ~[classes/:na]
	at com.bank.smartbank.dto.common.ErrorResponse.addDetails(ErrorResponse.java:29) ~[classes/:na]
	at com.bank.smartbank.dto.common.ErrorResponse.addDetails(ErrorResponse.java:29) ~[classes/:na]
	at com.bank.smartbank.dto.common.ErrorResponse.addDetails(ErrorResponse.java:29) ~[classes/:na]
	at com.bank.smartbank.dto.common.ErrorResponse.addDetails(ErrorResponse.java:29) ~[classes/:na]
	at com.bank.smartbank.dto.common.ErrorResponse.addDetails(ErrorResponse.java:29) ~[classes/:na]
	at com.bank.smartbank.dto.common.ErrorResponse.addDetails(ErrorResponse.java:29) ~[classes/:na]
	at com.bank.smartbank.dto.common.ErrorResponse.addDetails(ErrorResponse.java:29) ~[classes/:na]
	at com.bank.smartbank.dto.common.ErrorResponse.addDetails(ErrorResponse.java:29) ~[classes/:na]
	at com.bank.smartbank.dto.common.ErrorResponse.addDetails(ErrorResponse.java:29) ~[classes/:na]
	at com.bank.smartbank.dto.common.ErrorResponse.addDetails(ErrorResponse.java:29) ~[classes/:na]
	at com.bank.smartbank.dto.common.ErrorResponse.addDetails(ErrorResponse.java:29) ~[classes/:na]
	at com.bank.smartbank.dto.common.ErrorResponse.addDetails(ErrorResponse.java:29) ~[classes/:na]
	at com.bank.smartbank.dto.common.ErrorResponse.addDetails(ErrorResponse.java:29) ~[classes/:na]
	at com.bank.smartbank.dto.common.ErrorResponse.addDetails(ErrorResponse.java:29) ~[classes/:na]
	at com.bank.smartbank.dto.common.ErrorResponse.addDetails(ErrorResponse.java:29) ~[classes/:na]
	at com.bank.smartbank.dto.common.ErrorResponse.addDetails(ErrorResponse.java:29) ~[classes/:na]
	at com.bank.smartbank.dto.common.ErrorResponse.addDetails(ErrorResponse.java:29) ~[classes/:na]
	at com.bank.smartbank.dto.common.ErrorResponse.addDetails(ErrorResponse.java:29) ~[classes/:na]
	at com.bank.smartbank.dto.common.ErrorResponse.addDetails(ErrorResponse.java:29) ~[classes/:na]
	at com.bank.smartbank.dto.common.ErrorResponse.addDetails(ErrorResponse.java:29) ~[classes/:na]
	at com.bank.smartbank.dto.common.ErrorResponse.addDetails(ErrorResponse.java:29) ~[classes/:na]
	at com.bank.smartbank.dto.common.ErrorResponse.addDetails(ErrorResponse.java:29) ~[classes/:na]
	at com.bank.smartbank.dto.common.ErrorResponse.addDetails(ErrorResponse.java:29) ~[classes/:na]
	at com.bank.smartbank.dto.common.ErrorResponse.addDetails(ErrorResponse.java:29) ~[classes/:na]
	at com.bank.smartbank.dto.common.ErrorResponse.addDetails(ErrorResponse.java:29) ~[classes/:na]
	at com.bank.smartbank.dto.common.ErrorResponse.addDetails(ErrorResponse.java:29) ~[classes/:na]
	at com.bank.smartbank.dto.common.ErrorResponse.addDetails(ErrorResponse.java:29) ~[classes/:na]
	at com.bank.smartbank.dto.common.ErrorResponse.addDetails(ErrorResponse.java:29) ~[classes/:na]
	at com.bank.smartbank.dto.common.ErrorResponse.addDetails(ErrorResponse.java:29) ~[classes/:na]
	at com.bank.smartbank.dto.common.ErrorResponse.addDetails(ErrorResponse.java:29) ~[classes/:na]
	at com.bank.smartbank.dto.common.ErrorResponse.addDetails(ErrorResponse.java:29) ~[classes/:na]
	at com.bank.smartbank.dto.common.ErrorResponse.addDetails(ErrorResponse.java:29) ~[classes/:na]
	at com.bank.smartbank.dto.common.ErrorResponse.addDetails(ErrorResponse.java:29) ~[classes/:na]
	at com.bank.smartbank.dto.common.ErrorResponse.addDetails(ErrorResponse.java:29) ~[classes/:na]
	at com.bank.smartbank.dto.common.ErrorResponse.addDetails(ErrorResponse.java:29) ~[classes/:na]
	at com.bank.smartbank.dto.common.ErrorResponse.addDetails(ErrorResponse.java:29) ~[classes/:na]
	at com.bank.smartbank.dto.common.ErrorResponse.addDetails(ErrorResponse.java:29) ~[classes/:na]
	at com.bank.smartbank.dto.common.ErrorResponse.addDetails(ErrorResponse.java:29) ~[classes/:na]
	at com.bank.smartbank.dto.common.ErrorResponse.addDetails(ErrorResponse.java:29) ~[classes/:na]
	at com.bank.smartbank.dto.common.ErrorResponse.addDetails(ErrorResponse.java:29) ~[classes/:na]
	at com.bank.smartbank.dto.common.ErrorResponse.addDetails(ErrorResponse.java:29) ~[classes/:na]
	at com.bank.smartbank.dto.common.ErrorResponse.addDetails(ErrorResponse.java:29) ~[classes/:na]
	at com.bank.smartbank.dto.common.ErrorResponse.addDetails(ErrorResponse.java:29) ~[classes/:na]
	at com.bank.smartbank.dto.common.ErrorResponse.addDetails(ErrorResponse.java:29) ~[classes/:na]
	at com.bank.smartbank.dto.common.ErrorResponse.addDetails(ErrorResponse.java:29) ~[classes/:na]
	at com.bank.smartbank.dto.common.ErrorResponse.addDetails(ErrorResponse.java:29) ~[classes/:na]
	at com.bank.smartbank.dto.common.ErrorResponse.addDetails(ErrorResponse.java:29) ~[classes/:na]
	at com.bank.smartbank.dto.common.ErrorResponse.addDetails(ErrorResponse.java:29) ~[classes/:na]
	at com.bank.smartbank.dto.common.ErrorResponse.addDetails(ErrorResponse.java:29) ~[classes/:na]
	at com.bank.smartbank.dto.common.ErrorResponse.addDetails(ErrorResponse.java:29) ~[classes/:na]
	at com.bank.smartbank.dto.common.ErrorResponse.addDetails(ErrorResponse.java:29) ~[classes/:na]
	at com.bank.smartbank.dto.common.ErrorResponse.addDetails(ErrorResponse.java:29) ~[classes/:na]
	at com.bank.smartbank.dto.common.ErrorResponse.addDetails(ErrorResponse.java:29) ~[classes/:na]
	at com.bank.smartbank.dto.common.ErrorResponse.addDetails(ErrorResponse.java:29) ~[classes/:na]
	at com.bank.smartbank.dto.common.ErrorResponse.addDetails(ErrorResponse.java:29) ~[classes/:na]
	at com.bank.smartbank.dto.common.ErrorResponse.addDetails(ErrorResponse.java:29) ~[classes/:na]
	at com.bank.smartbank.dto.common.ErrorResponse.addDetails(ErrorResponse.java:29) ~[classes/:na]
	at com.bank.smartbank.dto.common.ErrorResponse.addDetails(ErrorResponse.java:29) ~[classes/:na]
	at com.bank.smartbank.dto.common.ErrorResponse.addDetails(ErrorResponse.java:29) ~[classes/:na]
	at com.bank.smartbank.dto.common.ErrorResponse.addDetails(ErrorResponse.java:29) ~[classes/:na]
	at com.bank.smartbank.dto.common.ErrorResponse.addDetails(ErrorResponse.java:29) ~[classes/:na]
	at com.bank.smartbank.dto.common.ErrorResponse.addDetails(ErrorResponse.java:29) ~[classes/:na]
	at com.bank.smartbank.dto.common.ErrorResponse.addDetails(ErrorResponse.java:29) ~[classes/:na]
	at com.bank.smartbank.dto.common.ErrorResponse.addDetails(ErrorResponse.java:29) ~[classes/:na]
	at com.bank.smartbank.dto.common.ErrorResponse.addDetails(ErrorResponse.java:29) ~[classes/:na]
	at com.bank.smartbank.dto.common.ErrorResponse.addDetails(ErrorResponse.java:29) ~[classes/:na]
	at com.bank.smartbank.dto.common.ErrorResponse.addDetails(ErrorResponse.java:29) ~[classes/:na]
	at com.bank.smartbank.dto.common.ErrorResponse.addDetails(ErrorResponse.java:29) ~[classes/:na]
	at com.bank.smartbank.dto.common.ErrorResponse.addDetails(ErrorResponse.java:29) ~[classes/:na]
	at com.bank.smartbank.dto.common.ErrorResponse.addDetails(ErrorResponse.java:29) ~[classes/:na]
	at com.bank.smartbank.dto.common.ErrorResponse.addDetails(ErrorResponse.java:29) ~[classes/:na]
	at com.bank.smartbank.dto.common.ErrorResponse.addDetails(ErrorResponse.java:29) ~[classes/:na]
	at com.bank.smartbank.dto.common.ErrorResponse.addDetails(ErrorResponse.java:29) ~[classes/:na]
	at com.bank.smartbank.dto.common.ErrorResponse.addDetails(ErrorResponse.java:29) ~[classes/:na]
	at com.bank.smartbank.dto.common.ErrorResponse.addDetails(ErrorResponse.java:29) ~[classes/:na]
	at com.bank.smartbank.dto.common.ErrorResponse.addDetails(ErrorResponse.java:29) ~[classes/:na]
	at com.bank.smartbank.dto.common.ErrorResponse.addDetails(ErrorResponse.java:29) ~[classes/:na]
	at com.bank.smartbank.dto.common.ErrorResponse.addDetails(ErrorResponse.java:29) ~[classes/:na]
	at com.bank.smartbank.dto.common.ErrorResponse.addDetails(ErrorResponse.java:29) ~[classes/:na]
	at com.bank.smartbank.dto.common.ErrorResponse.addDetails(ErrorResponse.java:29) ~[classes/:na]
	at com.bank.smartbank.dto.common.ErrorResponse.addDetails(ErrorResponse.java:29) ~[classes/:na]
	at com.bank.smartbank.dto.common.ErrorResponse.addDetails(ErrorResponse.java:29) ~[classes/:na]
	at com.bank.smartbank.dto.common.ErrorResponse.addDetails(ErrorResponse.java:29) ~[classes/:na]
	at com.bank.smartbank.dto.common.ErrorResponse.addDetails(ErrorResponse.java:29) ~[classes/:na]
	at com.bank.smartbank.dto.common.ErrorResponse.addDetails(ErrorResponse.java:29) ~[classes/:na]
	at com.bank.smartbank.dto.common.ErrorResponse.addDetails(ErrorResponse.java:29) ~[classes/:na]
	at com.bank.smartbank.dto.common.ErrorResponse.addDetails(ErrorResponse.java:29) ~[classes/:na]
	at com.bank.smartbank.dto.common.ErrorResponse.addDetails(ErrorResponse.java:29) ~[classes/:na]
	at com.bank.smartbank.dto.common.ErrorResponse.addDetails(ErrorResponse.java:29) ~[classes/:na]
	at com.bank.smartbank.dto.common.ErrorResponse.addDetails(ErrorResponse.java:29) ~[classes/:na]
	at com.bank.smartbank.dto.common.ErrorResponse.addDetails(ErrorResponse.java:29) ~[classes/:na]
	at com.bank.smartbank.dto.common.ErrorResponse.addDetails(ErrorResponse.java:29) ~[classes/:na]
	at com.bank.smartbank.dto.common.ErrorResponse.addDetails(ErrorResponse.java:29) ~[classes/:na]
	at com.bank.smartbank.dto.common.ErrorResponse.addDetails(ErrorResponse.java:29) ~[classes/:na]
	at com.bank.smartbank.dto.common.ErrorResponse.addDetails(ErrorResponse.java:29) ~[classes/:na]
	at com.bank.smartbank.dto.common.ErrorResponse.addDetails(ErrorResponse.java:29) ~[classes/:na]
	at com.bank.smartbank.dto.common.ErrorResponse.addDetails(ErrorResponse.java:29) ~[classes/:na]
	at com.bank.smartbank.dto.common.ErrorResponse.addDetails(ErrorResponse.java:29) ~[classes/:na]
	at com.bank.smartbank.dto.common.ErrorResponse.addDetails(ErrorResponse.java:29) ~[classes/:na]
	at com.bank.smartbank.dto.common.ErrorResponse.addDetails(ErrorResponse.java:29) ~[classes/:na]
	at com.bank.smartbank.dto.common.ErrorResponse.addDetails(ErrorResponse.java:29) ~[classes/:na]
	at com.bank.smartbank.dto.common.ErrorResponse.addDetails(ErrorResponse.java:29) ~[classes/:na]
	at com.bank.smartbank.dto.common.ErrorResponse.addDetails(ErrorResponse.java:29) ~[classes/:na]
	at com.bank.smartbank.dto.common.ErrorResponse.addDetails(ErrorResponse.java:29) ~[classes/:na]
	at com.bank.smartbank.dto.common.ErrorResponse.addDetails(ErrorResponse.java:29) ~[classes/:na]
	at com.bank.smartbank.dto.common.ErrorResponse.addDetails(ErrorResponse.java:29) ~[classes/:na]
	at com.bank.smartbank.dto.common.ErrorResponse.addDetails(ErrorResponse.java:29) ~[classes/:na]
	at com.bank.smartbank.dto.common.ErrorResponse.addDetails(ErrorResponse.java:29) ~[classes/:na]
	at com.bank.smartbank.dto.common.ErrorResponse.addDetails(ErrorResponse.java:29) ~[classes/:na]
	at com.bank.smartbank.dto.common.ErrorResponse.addDetails(ErrorResponse.java:29) ~[classes/:na]
	at com.bank.smartbank.dto.common.ErrorResponse.addDetails(ErrorResponse.java:29) ~[classes/:na]
	at com.bank.smartbank.dto.common.ErrorResponse.addDetails(ErrorResponse.java:29) ~[classes/:na]
	at com.bank.smartbank.dto.common.ErrorResponse.addDetails(ErrorResponse.java:29) ~[classes/:na]
	at com.bank.smartbank.dto.common.ErrorResponse.addDetails(ErrorResponse.java:29) ~[classes/:na]
	at com.bank.smartbank.dto.common.ErrorResponse.addDetails(ErrorResponse.java:29) ~[classes/:na]
	at com.bank.smartbank.dto.common.ErrorResponse.addDetails(ErrorResponse.java:29) ~[classes/:na]
	at com.bank.smartbank.dto.common.ErrorResponse.addDetails(ErrorResponse.java:29) ~[classes/:na]
	at com.bank.smartbank.dto.common.ErrorResponse.addDetails(ErrorResponse.java:29) ~[classes/:na]
	at com.bank.smartbank.dto.common.ErrorResponse.addDetails(ErrorResponse.java:29) ~[classes/:na]
	at com.bank.smartbank.dto.common.ErrorResponse.addDetails(ErrorResponse.java:29) ~[classes/:na]
	at com.bank.smartbank.dto.common.ErrorResponse.addDetails(ErrorResponse.java:29) ~[classes/:na]
	at com.bank.smartbank.dto.common.ErrorResponse.addDetails(ErrorResponse.java:29) ~[classes/:na]
	at com.bank.smartbank.dto.common.ErrorResponse.addDetails(ErrorResponse.java:29) ~[classes/:na]
	at com.bank.smartbank.dto.common.ErrorResponse.addDetails(ErrorResponse.java:29) ~[classes/:na]
	at com.bank.smartbank.dto.common.ErrorResponse.addDetails(ErrorResponse.java:29) ~[classes/:na]
	at com.bank.smartbank.dto.common.ErrorResponse.addDetails(ErrorResponse.java:29) ~[classes/:na]
	at com.bank.smartbank.dto.common.ErrorResponse.addDetails(ErrorResponse.java:29) ~[classes/:na]
	at com.bank.smartbank.dto.common.ErrorResponse.addDetails(ErrorResponse.java:29) ~[classes/:na]
	at com.bank.smartbank.dto.common.ErrorResponse.addDetails(ErrorResponse.java:29) ~[classes/:na]
	at com.bank.smartbank.dto.common.ErrorResponse.addDetails(ErrorResponse.java:29) ~[classes/:na]
	at com.bank.smartbank.dto.common.ErrorResponse.addDetails(ErrorResponse.java:29) ~[classes/:na]
	at com.bank.smartbank.dto.common.ErrorResponse.addDetails(ErrorResponse.java:29) ~[classes/:na]
	at com.bank.smartbank.dto.common.ErrorResponse.addDetails(ErrorResponse.java:29) ~[classes/:na]
	at com.bank.smartbank.dto.common.ErrorResponse.addDetails(ErrorResponse.java:29) ~[classes/:na]
	at com.bank.smartbank.dto.common.ErrorResponse.addDetails(ErrorResponse.java:29) ~[classes/:na]
	at com.bank.smartbank.dto.common.ErrorResponse.addDetails(ErrorResponse.java:29) ~[classes/:na]
	at com.bank.smartbank.dto.common.ErrorResponse.addDetails(ErrorResponse.java:29) ~[classes/:na]
	at com.bank.smartbank.dto.common.ErrorResponse.addDetails(ErrorResponse.java:29) ~[classes/:na]
	at com.bank.smartbank.dto.common.ErrorResponse.addDetails(ErrorResponse.java:29) ~[classes/:na]
	at com.bank.smartbank.dto.common.ErrorResponse.addDetails(ErrorResponse.java:29) ~[classes/:na]
	at com.bank.smartbank.dto.common.ErrorResponse.addDetails(ErrorResponse.java:29) ~[classes/:na]
	at com.bank.smartbank.dto.common.ErrorResponse.addDetails(ErrorResponse.java:29) ~[classes/:na]
	at com.bank.smartbank.dto.common.ErrorResponse.addDetails(ErrorResponse.java:29) ~[classes/:na]
	at com.bank.smartbank.dto.common.ErrorResponse.addDetails(ErrorResponse.java:29) ~[classes/:na]
	at com.bank.smartbank.dto.common.ErrorResponse.addDetails(ErrorResponse.java:29) ~[classes/:na]
	at com.bank.smartbank.dto.common.ErrorResponse.addDetails(ErrorResponse.java:29) ~[classes/:na]
	at com.bank.smartbank.dto.common.ErrorResponse.addDetails(ErrorResponse.java:29) ~[classes/:na]
	at com.bank.smartbank.dto.common.ErrorResponse.addDetails(ErrorResponse.java:29) ~[classes/:na]
	at com.bank.smartbank.dto.common.ErrorResponse.addDetails(ErrorResponse.java:29) ~[classes/:na]
	at com.bank.smartbank.dto.common.ErrorResponse.addDetails(ErrorResponse.java:29) ~[classes/:na]
	at com.bank.smartbank.dto.common.ErrorResponse.addDetails(ErrorResponse.java:29) ~[classes/:na]
	at com.bank.smartbank.dto.common.ErrorResponse.addDetails(ErrorResponse.java:29) ~[classes/:na]
	at com.bank.smartbank.dto.common.ErrorResponse.addDetails(ErrorResponse.java:29) ~[classes/:na]
	at com.bank.smartbank.dto.common.ErrorResponse.addDetails(ErrorResponse.java:29) ~[classes/:na]
	at com.bank.smartbank.dto.common.ErrorResponse.addDetails(ErrorResponse.java:29) ~[classes/:na]
	at com.bank.smartbank.dto.common.ErrorResponse.addDetails(ErrorResponse.java:29) ~[classes/:na]
	at com.bank.smartbank.dto.common.ErrorResponse.addDetails(ErrorResponse.java:29) ~[classes/:na]
	at com.bank.smartbank.dto.common.ErrorResponse.addDetails(ErrorResponse.java:29) ~[classes/:na]
	at com.bank.smartbank.dto.common.ErrorResponse.addDetails(ErrorResponse.java:29) ~[classes/:na]
	at com.bank.smartbank.dto.common.ErrorResponse.addDetails(ErrorResponse.java:29) ~[classes/:na]
	at com.bank.smartbank.dto.common.ErrorResponse.addDetails(ErrorResponse.java:29) ~[classes/:na]
	at com.bank.smartbank.dto.common.ErrorResponse.addDetails(ErrorResponse.java:29) ~[classes/:na]
	at com.bank.smartbank.dto.common.ErrorResponse.addDetails(ErrorResponse.java:29) ~[classes/:na]
	at com.bank.smartbank.dto.common.ErrorResponse.addDetails(ErrorResponse.java:29) ~[classes/:na]
	at com.bank.smartbank.dto.common.ErrorResponse.addDetails(ErrorResponse.java:29) ~[classes/:na]
	at com.bank.smartbank.dto.common.ErrorResponse.addDetails(ErrorResponse.java:29) ~[classes/:na]
	at com.bank.smartbank.dto.common.ErrorResponse.addDetails(ErrorResponse.java:29) ~[classes/:na]
	at com.bank.smartbank.dto.common.ErrorResponse.addDetails(ErrorResponse.java:29) ~[classes/:na]
	at com.bank.smartbank.dto.common.ErrorResponse.addDetails(ErrorResponse.java:29) ~[classes/:na]
	at com.bank.smartbank.dto.common.ErrorResponse.addDetails(ErrorResponse.java:29) ~[classes/:na]
	at com.bank.smartbank.dto.common.ErrorResponse.addDetails(ErrorResponse.java:29) ~[classes/:na]
	at com.bank.smartbank.dto.common.ErrorResponse.addDetails(ErrorResponse.java:29) ~[classes/:na]
	at com.bank.smartbank.dto.common.ErrorResponse.addDetails(ErrorResponse.java:29) ~[classes/:na]
	at com.bank.smartbank.dto.common.ErrorResponse.addDetails(ErrorResponse.java:29) ~[classes/:na]
	at com.bank.smartbank.dto.common.ErrorResponse.addDetails(ErrorResponse.java:29) ~[classes/:na]
	at com.bank.smartbank.dto.common.ErrorResponse.addDetails(ErrorResponse.java:29) ~[classes/:na]
	at com.bank.smartbank.dto.common.ErrorResponse.addDetails(ErrorResponse.java:29) ~[classes/:na]
	at com.bank.smartbank.dto.common.ErrorResponse.addDetails(ErrorResponse.java:29) ~[classes/:na]
	at com.bank.smartbank.dto.common.ErrorResponse.addDetails(ErrorResponse.java:29) ~[classes/:na]
	at com.bank.smartbank.dto.common.ErrorResponse.addDetails(ErrorResponse.java:29) ~[classes/:na]
	at com.bank.smartbank.dto.common.ErrorResponse.addDetails(ErrorResponse.java:29) ~[classes/:na]
	at com.bank.smartbank.dto.common.ErrorResponse.addDetails(ErrorResponse.java:29) ~[classes/:na]
	at com.bank.smartbank.dto.common.ErrorResponse.addDetails(ErrorResponse.java:29) ~[classes/:na]
	at com.bank.smartbank.dto.common.ErrorResponse.addDetails(ErrorResponse.java:29) ~[classes/:na]
	at com.bank.smartbank.dto.common.ErrorResponse.addDetails(ErrorResponse.java:29) ~[classes/:na]
	at com.bank.smartbank.dto.common.ErrorResponse.addDetails(ErrorResponse.java:29) ~[classes/:na]
	at com.bank.smartbank.dto.common.ErrorResponse.addDetails(ErrorResponse.java:29) ~[classes/:na]
	at com.bank.smartbank.dto.common.ErrorResponse.addDetails(ErrorResponse.java:29) ~[classes/:na]
	at com.bank.smartbank.dto.common.ErrorResponse.addDetails(ErrorResponse.java:29) ~[classes/:na]
	at com.bank.smartbank.dto.common.ErrorResponse.addDetails(ErrorResponse.java:29) ~[classes/:na]
	at com.bank.smartbank.dto.common.ErrorResponse.addDetails(ErrorResponse.java:29) ~[classes/:na]
	at com.bank.smartbank.dto.common.ErrorResponse.addDetails(ErrorResponse.java:29) ~[classes/:na]
	at com.bank.smartbank.dto.common.ErrorResponse.addDetails(ErrorResponse.java:29) ~[classes/:na]
	at com.bank.smartbank.dto.common.ErrorResponse.addDetails(ErrorResponse.java:29) ~[classes/:na]
	at com.bank.smartbank.dto.common.ErrorResponse.addDetails(ErrorResponse.java:29) ~[classes/:na]
	at com.bank.smartbank.dto.common.ErrorResponse.addDetails(ErrorResponse.java:29) ~[classes/:na]
	at com.bank.smartbank.dto.common.ErrorResponse.addDetails(ErrorResponse.java:29) ~[classes/:na]
	at com.bank.smartbank.dto.common.ErrorResponse.addDetails(ErrorResponse.java:29) ~[classes/:na]
	at com.bank.smartbank.dto.common.ErrorResponse.addDetails(ErrorResponse.java:29) ~[classes/:na]

2026-08-15T11:44:11.299+05:30  WARN 3096 --- [smartbank-management-system] [http-nio-8080-exec-8] .w.s.m.s.DefaultHandlerExceptionResolver : Resolved [org.springframework.web.bind.MethodArgumentNotValidException: Validation failed for argument [0] in public org.springframework.http.ResponseEntity<com.bank.smartbank.dto.common.ApiResponse<?>> com.bank.smartbank.controller.AuthController.register(com.bank.smartbank.dto.auth.RegisterRequest): [Field error in object 'registerRequest' on field 'email': rejected value []; codes [NotBlank.registerRequest.email,NotBlank.email,NotBlank.java.lang.String,NotBlank]; arguments [org.springframework.context.support.DefaultMessageSourceResolvable: codes [registerRequest.email,email]; arguments []; default message [email]]; default message [Email is required]] ]
2026-08-15T11:44:11.410+05:30 DEBUG 3096 --- [smartbank-management-system] [http-nio-8080-exec-8] o.s.security.web.FilterChainProxy        : Securing POST /error
2026-08-15T11:44:11.413+05:30 DEBUG 3096 --- [smartbank-management-system] [http-nio-8080-exec-8] o.s.security.web.FilterChainProxy        : Secured POST /error
2026-08-15T11:44:11.597+05:30 DEBUG 3096 --- [smartbank-management-system] [http-nio-8080-exec-8] o.s.s.w.a.AnonymousAuthenticationFilter  : Set SecurityContextHolder to anonymous SecurityContext
2026-08-15T11:45:23.003+05:30 DEBUG 3096 --- [smartbank-management-system] [http-nio-8080-exec-9] o.s.security.web.FilterChainProxy        : Securing OPTIONS /api/auth/login
2026-08-15T11:45:23.010+05:30 DEBUG 3096 --- [smartbank-management-system] [http-nio-8080-exec-10] o.s.security.web.FilterChainProxy        : Securing POST /api/auth/login
2026-08-15T11:45:23.011+05:30 DEBUG 3096 --- [smartbank-management-system] [http-nio-8080-exec-10] o.s.s.w.a.AnonymousAuthenticationFilter  : Set SecurityContextHolder to anonymous SecurityContext
2026-08-15T11:45:23.011+05:30 DEBUG 3096 --- [smartbank-management-system] [http-nio-8080-exec-10] o.s.security.web.FilterChainProxy        : Secured POST /api/auth/login
2026-08-15T11:45:23.082+05:30 DEBUG 3096 --- [smartbank-management-system] [http-nio-8080-exec-10] org.hibernate.SQL                        : 
    select
        u1_0.id,
        u1_0.created_at,
        u1_0.email,
        u1_0.full_name,
        u1_0.is_verified,
        u1_0.password,
        u1_0.phone,
        u1_0.role 
    from
        users u1_0 
    where
        u1_0.email=?
2026-08-15T11:45:23.105+05:30  WARN 3096 --- [smartbank-management-system] [http-nio-8080-exec-10] .m.m.a.ExceptionHandlerExceptionResolver : Resolved [com.bank.smartbank.exception.InvalidCredentialsException: Invalid email or password]
2026-08-15T11:45:36.955+05:30 DEBUG 3096 --- [smartbank-management-system] [http-nio-8080-exec-1] o.s.security.web.FilterChainProxy        : Securing OPTIONS /api/auth/login
2026-08-15T11:45:36.959+05:30 DEBUG 3096 --- [smartbank-management-system] [http-nio-8080-exec-2] o.s.security.web.FilterChainProxy        : Securing POST /api/auth/login
2026-08-15T11:45:36.961+05:30 DEBUG 3096 --- [smartbank-management-system] [http-nio-8080-exec-2] o.s.s.w.a.AnonymousAuthenticationFilter  : Set SecurityContextHolder to anonymous SecurityContext
2026-08-15T11:45:36.961+05:30 DEBUG 3096 --- [smartbank-management-system] [http-nio-8080-exec-2] o.s.security.web.FilterChainProxy        : Secured POST /api/auth/login
2026-08-15T11:45:36.966+05:30 DEBUG 3096 --- [smartbank-management-system] [http-nio-8080-exec-2] org.hibernate.SQL                        : 
    select
        u1_0.id,
        u1_0.created_at,
        u1_0.email,
        u1_0.full_name,
        u1_0.is_verified,
        u1_0.password,
        u1_0.phone,
        u1_0.role 
    from
        users u1_0 
    where
        u1_0.email=?
2026-08-15T11:45:36.985+05:30  WARN 3096 --- [smartbank-management-system] [http-nio-8080-exec-2] .m.m.a.ExceptionHandlerExceptionResolver : Resolved [com.bank.smartbank.exception.InvalidCredentialsException: Invalid email or password]
2026-08-15T11:46:02.087+05:30  INFO 3096 --- [smartbank-management-system] [File Watcher] rtingClassPathChangeChangedEventListener : Restarting due to 1 class path change (0 additions, 0 deletions, 1 modification)
2026-08-15T11:46:02.148+05:30  INFO 3096 --- [smartbank-management-system] [Thread-23] o.s.b.w.e.tomcat.GracefulShutdown        : Commencing graceful shutdown. Waiting for active requests to complete
2026-08-15T11:46:02.175+05:30  INFO 3096 --- [smartbank-management-system] [tomcat-shutdown] o.s.b.w.e.tomcat.GracefulShutdown        : Graceful shutdown complete
2026-08-15T11:46:02.212+05:30  INFO 3096 --- [smartbank-management-system] [Thread-23] j.LocalContainerEntityManagerFactoryBean : Closing JPA EntityManagerFactory for persistence unit 'default'
2026-08-15T11:46:02.248+05:30  INFO 3096 --- [smartbank-management-system] [Thread-23] com.zaxxer.hikari.HikariDataSource       : HikariPool-6 - Shutdown initiated...
2026-08-15T11:46:02.269+05:30  INFO 3096 --- [smartbank-management-system] [Thread-23] com.zaxxer.hikari.HikariDataSource       : HikariPool-6 - Shutdown completed.
2026-08-15T11:46:03.272+05:30  INFO 3096 --- [smartbank-management-system] [restartedMain] b.s.SmartBankManagementSystemApplication : Starting SmartBankManagementSystemApplication using Java 21.0.7 with PID 3096 (D:\yagnesh\JavaProjects\SmartBank-Management-System\SmartBank\target\classes started by Hindu in D:\yagnesh\JavaProjects\SmartBank-Management-System\SmartBank)
2026-08-15T11:46:03.273+05:30 DEBUG 3096 --- [smartbank-management-system] [restartedMain] b.s.SmartBankManagementSystemApplication : Running with Spring Boot v3.5.7, Spring v6.2.12
2026-08-15T11:46:03.273+05:30  INFO 3096 --- [smartbank-management-system] [restartedMain] b.s.SmartBankManagementSystemApplication : No active profile set, falling back to 1 default profile: "default"
2026-08-15T11:46:04.005+05:30  INFO 3096 --- [smartbank-management-system] [restartedMain] .s.d.r.c.RepositoryConfigurationDelegate : Bootstrapping Spring Data JPA repositories in DEFAULT mode.
2026-08-15T11:46:04.057+05:30  INFO 3096 --- [smartbank-management-system] [restartedMain] .s.d.r.c.RepositoryConfigurationDelegate : Finished Spring Data repository scanning in 48 ms. Found 4 JPA repository interfaces.
2026-08-15T11:46:04.357+05:30  INFO 3096 --- [smartbank-management-system] [restartedMain] o.s.b.w.embedded.tomcat.TomcatWebServer  : Tomcat initialized with port 8080 (http)
2026-08-15T11:46:04.362+05:30  INFO 3096 --- [smartbank-management-system] [restartedMain] o.apache.catalina.core.StandardService   : Starting service [Tomcat]
2026-08-15T11:46:04.362+05:30  INFO 3096 --- [smartbank-management-system] [restartedMain] o.apache.catalina.core.StandardEngine    : Starting Servlet engine: [Apache Tomcat/10.1.48]
2026-08-15T11:46:04.392+05:30  INFO 3096 --- [smartbank-management-system] [restartedMain] o.a.c.c.C.[Tomcat].[localhost].[/]       : Initializing Spring embedded WebApplicationContext
2026-08-15T11:46:04.393+05:30  INFO 3096 --- [smartbank-management-system] [restartedMain] w.s.c.ServletWebServerApplicationContext : Root WebApplicationContext: initialization completed in 1114 ms
2026-08-15T11:46:04.488+05:30  INFO 3096 --- [smartbank-management-system] [restartedMain] o.hibernate.jpa.internal.util.LogHelper  : HHH000204: Processing PersistenceUnitInfo [name: default]
2026-08-15T11:46:04.491+05:30  INFO 3096 --- [smartbank-management-system] [restartedMain] o.h.c.internal.RegionFactoryInitiator    : HHH000026: Second-level cache disabled
2026-08-15T11:46:04.504+05:30  INFO 3096 --- [smartbank-management-system] [restartedMain] o.s.o.j.p.SpringPersistenceUnitInfo      : No LoadTimeWeaver setup: ignoring JPA class transformer
2026-08-15T11:46:04.505+05:30  INFO 3096 --- [smartbank-management-system] [restartedMain] com.zaxxer.hikari.HikariDataSource       : HikariPool-7 - Starting...
2026-08-15T11:46:04.588+05:30  INFO 3096 --- [smartbank-management-system] [restartedMain] com.zaxxer.hikari.pool.HikariPool        : HikariPool-7 - Added connection com.mysql.cj.jdbc.ConnectionImpl@66d5eda6
2026-08-15T11:46:04.589+05:30  INFO 3096 --- [smartbank-management-system] [restartedMain] com.zaxxer.hikari.HikariDataSource       : HikariPool-7 - Start completed.
2026-08-15T11:46:04.592+05:30  INFO 3096 --- [smartbank-management-system] [restartedMain] org.hibernate.orm.connections.pooling    : HHH10001005: Database info:
	Database JDBC URL [Connecting through datasource 'HikariDataSource (HikariPool-7)']
	Database driver: undefined/unknown
	Database version: 8.0.45
	Autocommit mode: undefined/unknown
	Isolation level: undefined/unknown
	Minimum pool size: undefined/unknown
	Maximum pool size: undefined/unknown
2026-08-15T11:46:04.698+05:30  INFO 3096 --- [smartbank-management-system] [restartedMain] o.h.e.t.j.p.i.JtaPlatformInitiator       : HHH000489: No JTA platform available (set 'hibernate.transaction.jta.platform' to enable JTA platform integration)
2026-08-15T11:46:04.773+05:30  INFO 3096 --- [smartbank-management-system] [restartedMain] j.LocalContainerEntityManagerFactoryBean : Initialized JPA EntityManagerFactory for persistence unit 'default'
2026-08-15T11:46:04.905+05:30 DEBUG 3096 --- [smartbank-management-system] [restartedMain] c.b.s.security.JwtAuthenticationFilter   : Filter 'jwtAuthenticationFilter' configured for use
2026-08-15T11:46:05.065+05:30  WARN 3096 --- [smartbank-management-system] [restartedMain] JpaBaseConfiguration$JpaWebConfiguration : spring.jpa.open-in-view is enabled by default. Therefore, database queries may be performed during view rendering. Explicitly configure spring.jpa.open-in-view to disable this warning
2026-08-15T11:46:05.190+05:30  INFO 3096 --- [smartbank-management-system] [restartedMain] r$InitializeUserDetailsManagerConfigurer : Global AuthenticationManager configured with UserDetailsService bean with name userDetailsServiceImpl
2026-08-15T11:46:05.222+05:30 DEBUG 3096 --- [smartbank-management-system] [restartedMain] o.s.s.web.DefaultSecurityFilterChain     : Will secure any request with filters: DisableEncodeUrlFilter, WebAsyncManagerIntegrationFilter, SecurityContextHolderFilter, HeaderWriterFilter, CorsFilter, LogoutFilter, JwtAuthenticationFilter, RequestCacheAwareFilter, SecurityContextHolderAwareRequestFilter, AnonymousAuthenticationFilter, SessionManagementFilter, ExceptionTranslationFilter, AuthorizationFilter
2026-08-15T11:46:05.282+05:30  WARN 3096 --- [smartbank-management-system] [restartedMain] ion$DefaultTemplateResolverConfiguration : Cannot find template location: classpath:/templates/ (please add some templates, check your Thymeleaf configuration, or set spring.thymeleaf.check-template-location=false)
2026-08-15T11:46:05.387+05:30  INFO 3096 --- [smartbank-management-system] [restartedMain] o.s.b.d.a.OptionalLiveReloadServer       : LiveReload server is running on port 35729
2026-08-15T11:46:05.402+05:30  INFO 3096 --- [smartbank-management-system] [restartedMain] o.s.b.w.embedded.tomcat.TomcatWebServer  : Tomcat started on port 8080 (http) with context path '/'
2026-08-15T11:46:05.405+05:30  INFO 3096 --- [smartbank-management-system] [restartedMain] b.s.SmartBankManagementSystemApplication : Started SmartBankManagementSystemApplication in 2.293 seconds (process running for 1302.178)
2026-08-15T11:46:05.436+05:30 DEBUG 3096 --- [smartbank-management-system] [restartedMain] org.hibernate.SQL                        : 
    select
        u1_0.id 
    from
        users u1_0 
    where
        u1_0.email=? 
    limit
        ?
2026-08-15T11:46:05.438+05:30  INFO 3096 --- [smartbank-management-system] [restartedMain] com.bank.smartbank.config.DataSeeder     : Admin user already exists
2026-08-15T11:46:05.439+05:30  INFO 3096 --- [smartbank-management-system] [restartedMain] .ConditionEvaluationDeltaLoggingListener : Condition evaluation unchanged
2026-08-15T11:46:31.637+05:30  INFO 3096 --- [smartbank-management-system] [http-nio-8080-exec-1] o.a.c.c.C.[Tomcat].[localhost].[/]       : Initializing Spring DispatcherServlet 'dispatcherServlet'
2026-08-15T11:46:31.637+05:30  INFO 3096 --- [smartbank-management-system] [http-nio-8080-exec-1] o.s.web.servlet.DispatcherServlet        : Initializing Servlet 'dispatcherServlet'
2026-08-15T11:46:31.639+05:30  INFO 3096 --- [smartbank-management-system] [http-nio-8080-exec-1] o.s.web.servlet.DispatcherServlet        : Completed initialization in 2 ms
2026-08-15T11:46:31.640+05:30 DEBUG 3096 --- [smartbank-management-system] [http-nio-8080-exec-1] o.s.security.web.FilterChainProxy        : Securing OPTIONS /api/auth/login
2026-08-15T11:46:31.647+05:30 DEBUG 3096 --- [smartbank-management-system] [http-nio-8080-exec-2] o.s.security.web.FilterChainProxy        : Securing POST /api/auth/login
2026-08-15T11:46:31.648+05:30 DEBUG 3096 --- [smartbank-management-system] [http-nio-8080-exec-2] o.s.s.w.a.AnonymousAuthenticationFilter  : Set SecurityContextHolder to anonymous SecurityContext
2026-08-15T11:46:31.648+05:30 DEBUG 3096 --- [smartbank-management-system] [http-nio-8080-exec-2] o.s.security.web.FilterChainProxy        : Secured POST /api/auth/login
2026-08-15T11:46:31.663+05:30 DEBUG 3096 --- [smartbank-management-system] [http-nio-8080-exec-2] org.hibernate.SQL                        : 
    select
        u1_0.id,
        u1_0.created_at,
        u1_0.email,
        u1_0.full_name,
        u1_0.is_verified,
        u1_0.password,
        u1_0.phone,
        u1_0.role 
    from
        users u1_0 
    where
        u1_0.email=?
2026-08-15T11:46:31.673+05:30  WARN 3096 --- [smartbank-management-system] [http-nio-8080-exec-2] .m.m.a.ExceptionHandlerExceptionResolver : Resolved [com.bank.smartbank.exception.InvalidCredentialsException: Invalid email or password]
2026-08-15T11:53:02.898+05:30  INFO 3096 --- [smartbank-management-system] [File Watcher] rtingClassPathChangeChangedEventListener : Restarting due to 1 class path change (0 additions, 0 deletions, 1 modification)
2026-08-15T11:53:02.962+05:30  INFO 3096 --- [smartbank-management-system] [Thread-27] o.s.b.w.e.tomcat.GracefulShutdown        : Commencing graceful shutdown. Waiting for active requests to complete
2026-08-15T11:53:03.002+05:30  INFO 3096 --- [smartbank-management-system] [tomcat-shutdown] o.s.b.w.e.tomcat.GracefulShutdown        : Graceful shutdown complete
2026-08-15T11:53:03.058+05:30  INFO 3096 --- [smartbank-management-system] [Thread-27] j.LocalContainerEntityManagerFactoryBean : Closing JPA EntityManagerFactory for persistence unit 'default'
2026-08-15T11:53:03.119+05:30  INFO 3096 --- [smartbank-management-system] [Thread-27] com.zaxxer.hikari.HikariDataSource       : HikariPool-7 - Shutdown initiated...
2026-08-15T11:53:03.187+05:30  INFO 3096 --- [smartbank-management-system] [Thread-27] com.zaxxer.hikari.HikariDataSource       : HikariPool-7 - Shutdown completed.
2026-08-15T11:53:04.327+05:30  INFO 3096 --- [smartbank-management-system] [restartedMain] b.s.SmartBankManagementSystemApplication : Starting SmartBankManagementSystemApplication using Java 21.0.7 with PID 3096 (D:\yagnesh\JavaProjects\SmartBank-Management-System\SmartBank\target\classes started by Hindu in D:\yagnesh\JavaProjects\SmartBank-Management-System\SmartBank)
2026-08-15T11:53:04.327+05:30 DEBUG 3096 --- [smartbank-management-system] [restartedMain] b.s.SmartBankManagementSystemApplication : Running with Spring Boot v3.5.7, Spring v6.2.12
2026-08-15T11:53:04.327+05:30  INFO 3096 --- [smartbank-management-system] [restartedMain] b.s.SmartBankManagementSystemApplication : No active profile set, falling back to 1 default profile: "default"
2026-08-15T11:53:04.846+05:30  INFO 3096 --- [smartbank-management-system] [restartedMain] .s.d.r.c.RepositoryConfigurationDelegate : Bootstrapping Spring Data JPA repositories in DEFAULT mode.
2026-08-15T11:53:04.878+05:30  INFO 3096 --- [smartbank-management-system] [restartedMain] .s.d.r.c.RepositoryConfigurationDelegate : Finished Spring Data repository scanning in 30 ms. Found 4 JPA repository interfaces.
2026-08-15T11:53:05.182+05:30  INFO 3096 --- [smartbank-management-system] [restartedMain] o.s.b.w.embedded.tomcat.TomcatWebServer  : Tomcat initialized with port 8080 (http)
2026-08-15T11:53:05.184+05:30  INFO 3096 --- [smartbank-management-system] [restartedMain] o.apache.catalina.core.StandardService   : Starting service [Tomcat]
2026-08-15T11:53:05.184+05:30  INFO 3096 --- [smartbank-management-system] [restartedMain] o.apache.catalina.core.StandardEngine    : Starting Servlet engine: [Apache Tomcat/10.1.48]
2026-08-15T11:53:05.239+05:30  INFO 3096 --- [smartbank-management-system] [restartedMain] o.a.c.c.C.[Tomcat].[localhost].[/]       : Initializing Spring embedded WebApplicationContext
2026-08-15T11:53:05.239+05:30  INFO 3096 --- [smartbank-management-system] [restartedMain] w.s.c.ServletWebServerApplicationContext : Root WebApplicationContext: initialization completed in 903 ms
2026-08-15T11:53:05.392+05:30  INFO 3096 --- [smartbank-management-system] [restartedMain] o.hibernate.jpa.internal.util.LogHelper  : HHH000204: Processing PersistenceUnitInfo [name: default]
2026-08-15T11:53:05.397+05:30  INFO 3096 --- [smartbank-management-system] [restartedMain] o.h.c.internal.RegionFactoryInitiator    : HHH000026: Second-level cache disabled
2026-08-15T11:53:05.418+05:30  INFO 3096 --- [smartbank-management-system] [restartedMain] o.s.o.j.p.SpringPersistenceUnitInfo      : No LoadTimeWeaver setup: ignoring JPA class transformer
2026-08-15T11:53:05.419+05:30  INFO 3096 --- [smartbank-management-system] [restartedMain] com.zaxxer.hikari.HikariDataSource       : HikariPool-8 - Starting...
2026-08-15T11:53:05.492+05:30  INFO 3096 --- [smartbank-management-system] [restartedMain] com.zaxxer.hikari.pool.HikariPool        : HikariPool-8 - Added connection com.mysql.cj.jdbc.ConnectionImpl@2c1f1e17
2026-08-15T11:53:05.493+05:30  INFO 3096 --- [smartbank-management-system] [restartedMain] com.zaxxer.hikari.HikariDataSource       : HikariPool-8 - Start completed.
2026-08-15T11:53:05.496+05:30  INFO 3096 --- [smartbank-management-system] [restartedMain] org.hibernate.orm.connections.pooling    : HHH10001005: Database info:
	Database JDBC URL [Connecting through datasource 'HikariDataSource (HikariPool-8)']
	Database driver: undefined/unknown
	Database version: 8.0.45
	Autocommit mode: undefined/unknown
	Isolation level: undefined/unknown
	Minimum pool size: undefined/unknown
	Maximum pool size: undefined/unknown
2026-08-15T11:53:05.752+05:30  INFO 3096 --- [smartbank-management-system] [restartedMain] o.h.e.t.j.p.i.JtaPlatformInitiator       : HHH000489: No JTA platform available (set 'hibernate.transaction.jta.platform' to enable JTA platform integration)
2026-08-15T11:53:05.874+05:30  INFO 3096 --- [smartbank-management-system] [restartedMain] j.LocalContainerEntityManagerFactoryBean : Initialized JPA EntityManagerFactory for persistence unit 'default'
2026-08-15T11:53:06.075+05:30 DEBUG 3096 --- [smartbank-management-system] [restartedMain] c.b.s.security.JwtAuthenticationFilter   : Filter 'jwtAuthenticationFilter' configured for use
2026-08-15T11:53:06.412+05:30  WARN 3096 --- [smartbank-management-system] [restartedMain] JpaBaseConfiguration$JpaWebConfiguration : spring.jpa.open-in-view is enabled by default. Therefore, database queries may be performed during view rendering. Explicitly configure spring.jpa.open-in-view to disable this warning
2026-08-15T11:53:06.615+05:30  INFO 3096 --- [smartbank-management-system] [restartedMain] r$InitializeUserDetailsManagerConfigurer : Global AuthenticationManager configured with UserDetailsService bean with name userDetailsServiceImpl
2026-08-15T11:53:06.662+05:30 DEBUG 3096 --- [smartbank-management-system] [restartedMain] o.s.s.web.DefaultSecurityFilterChain     : Will secure any request with filters: DisableEncodeUrlFilter, WebAsyncManagerIntegrationFilter, SecurityContextHolderFilter, HeaderWriterFilter, CorsFilter, LogoutFilter, JwtAuthenticationFilter, RequestCacheAwareFilter, SecurityContextHolderAwareRequestFilter, AnonymousAuthenticationFilter, SessionManagementFilter, ExceptionTranslationFilter, AuthorizationFilter
2026-08-15T11:53:06.747+05:30  WARN 3096 --- [smartbank-management-system] [restartedMain] ion$DefaultTemplateResolverConfiguration : Cannot find template location: classpath:/templates/ (please add some templates, check your Thymeleaf configuration, or set spring.thymeleaf.check-template-location=false)
2026-08-15T11:53:06.884+05:30  INFO 3096 --- [smartbank-management-system] [restartedMain] o.s.b.d.a.OptionalLiveReloadServer       : LiveReload server is running on port 35729
2026-08-15T11:53:06.921+05:30  INFO 3096 --- [smartbank-management-system] [restartedMain] o.s.b.w.embedded.tomcat.TomcatWebServer  : Tomcat started on port 8080 (http) with context path '/'
2026-08-15T11:53:06.928+05:30  INFO 3096 --- [smartbank-management-system] [restartedMain] b.s.SmartBankManagementSystemApplication : Started SmartBankManagementSystemApplication in 2.759 seconds (process running for 1723.701)
2026-08-15T11:53:07.006+05:30 DEBUG 3096 --- [smartbank-management-system] [restartedMain] org.hibernate.SQL                        : 
    select
        u1_0.id 
    from
        users u1_0 
    where
        u1_0.email=? 
    limit
        ?
2026-08-15T11:53:07.012+05:30  INFO 3096 --- [smartbank-management-system] [restartedMain] com.bank.smartbank.config.DataSeeder     : Admin user already exists
2026-08-15T11:53:07.014+05:30  INFO 3096 --- [smartbank-management-system] [restartedMain] .ConditionEvaluationDeltaLoggingListener : Condition evaluation unchanged
2026-08-15T12:05:14.148+05:30  INFO 3096 --- [smartbank-management-system] [http-nio-8080-exec-1] o.a.c.c.C.[Tomcat].[localhost].[/]       : Initializing Spring DispatcherServlet 'dispatcherServlet'
2026-08-15T12:05:14.175+05:30  INFO 3096 --- [smartbank-management-system] [http-nio-8080-exec-1] o.s.web.servlet.DispatcherServlet        : Initializing Servlet 'dispatcherServlet'
2026-08-15T12:05:14.299+05:30  INFO 3096 --- [smartbank-management-system] [http-nio-8080-exec-1] o.s.web.servlet.DispatcherServlet        : Completed initialization in 121 ms
2026-08-15T12:05:14.360+05:30 DEBUG 3096 --- [smartbank-management-system] [http-nio-8080-exec-2] o.s.security.web.FilterChainProxy        : Securing OPTIONS /api/admin/loans/all
2026-08-15T12:05:14.360+05:30 DEBUG 3096 --- [smartbank-management-system] [http-nio-8080-exec-1] o.s.security.web.FilterChainProxy        : Securing OPTIONS /api/admin/loans/all
2026-08-15T12:05:14.529+05:30 DEBUG 3096 --- [smartbank-management-system] [http-nio-8080-exec-3] o.s.security.web.FilterChainProxy        : Securing GET /api/admin/loans/all
2026-08-15T12:05:14.864+05:30 DEBUG 3096 --- [smartbank-management-system] [http-nio-8080-exec-3] o.s.s.w.a.AnonymousAuthenticationFilter  : Set SecurityContextHolder to anonymous SecurityContext
2026-08-15T12:05:15.018+05:30 DEBUG 3096 --- [smartbank-management-system] [http-nio-8080-exec-3] o.s.s.w.a.Http403ForbiddenEntryPoint     : Pre-authenticated entry point called. Rejecting access
2026-08-15T12:05:15.039+05:30 DEBUG 3096 --- [smartbank-management-system] [http-nio-8080-exec-3] o.s.security.web.FilterChainProxy        : Securing GET /error
2026-08-15T12:05:15.040+05:30 DEBUG 3096 --- [smartbank-management-system] [http-nio-8080-exec-3] o.s.security.web.FilterChainProxy        : Secured GET /error
2026-08-15T12:05:15.257+05:30 DEBUG 3096 --- [smartbank-management-system] [http-nio-8080-exec-4] o.s.security.web.FilterChainProxy        : Securing GET /api/admin/loans/all
2026-08-15T12:05:15.259+05:30 DEBUG 3096 --- [smartbank-management-system] [http-nio-8080-exec-3] o.s.s.w.a.AnonymousAuthenticationFilter  : Set SecurityContextHolder to anonymous SecurityContext
2026-08-15T12:05:15.260+05:30 DEBUG 3096 --- [smartbank-management-system] [http-nio-8080-exec-4] o.s.s.w.a.AnonymousAuthenticationFilter  : Set SecurityContextHolder to anonymous SecurityContext
2026-08-15T12:05:15.262+05:30 DEBUG 3096 --- [smartbank-management-system] [http-nio-8080-exec-4] o.s.s.w.a.Http403ForbiddenEntryPoint     : Pre-authenticated entry point called. Rejecting access
2026-08-15T12:05:15.264+05:30 DEBUG 3096 --- [smartbank-management-system] [http-nio-8080-exec-4] o.s.security.web.FilterChainProxy        : Securing GET /error
2026-08-15T12:05:15.264+05:30 DEBUG 3096 --- [smartbank-management-system] [http-nio-8080-exec-4] o.s.security.web.FilterChainProxy        : Secured GET /error
2026-08-15T12:05:15.272+05:30 DEBUG 3096 --- [smartbank-management-system] [http-nio-8080-exec-4] o.s.s.w.a.AnonymousAuthenticationFilter  : Set SecurityContextHolder to anonymous SecurityContext
2026-08-15T12:10:56.863+05:30  INFO 3096 --- [smartbank-management-system] [RMI TCP Connection(51)-127.0.0.1] inMXBeanRegistrar$SpringApplicationAdmin : Application shutdown requested.
2026-08-15T12:10:57.000+05:30  INFO 3096 --- [smartbank-management-system] [RMI TCP Connection(51)-127.0.0.1] o.s.b.w.e.tomcat.GracefulShutdown        : Commencing graceful shutdown. Waiting for active requests to complete
2026-08-15T12:10:57.046+05:30  INFO 3096 --- [smartbank-management-system] [tomcat-shutdown] o.s.b.w.e.tomcat.GracefulShutdown        : Graceful shutdown complete
2026-08-15T12:10:57.101+05:30  INFO 3096 --- [smartbank-management-system] [RMI TCP Connection(51)-127.0.0.1] j.LocalContainerEntityManagerFactoryBean : Closing JPA EntityManagerFactory for persistence unit 'default'
2026-08-15T12:10:57.138+05:30  INFO 3096 --- [smartbank-management-system] [RMI TCP Connection(51)-127.0.0.1] com.zaxxer.hikari.HikariDataSource       : HikariPool-8 - Shutdown initiated...
2026-08-15T12:10:57.158+05:30  INFO 3096 --- [smartbank-management-system] [RMI TCP Connection(51)-127.0.0.1] com.zaxxer.hikari.HikariDataSource       : HikariPool-8 - Shutdown completed.
2026-09-11T20:39:07.265+05:30  INFO 10620 --- [smartbank-management-system] [restartedMain] b.s.SmartBankManagementSystemApplication : Starting SmartBankManagementSystemApplication using Java 17 with PID 10620 (C:\Users\SYED MUBEEN\Desktop\SpringPro\springboot-projects\SmartBank\target\classes started by SYED MUBEEN in C:\Users\SYED MUBEEN\Desktop\SpringPro\springboot-projects\SmartBank)
2026-09-11T20:39:07.268+05:30 DEBUG 10620 --- [smartbank-management-system] [restartedMain] b.s.SmartBankManagementSystemApplication : Running with Spring Boot v3.5.7, Spring v6.2.12
2026-09-11T20:39:07.269+05:30  INFO 10620 --- [smartbank-management-system] [restartedMain] b.s.SmartBankManagementSystemApplication : No active profile set, falling back to 1 default profile: "default"
2026-09-11T20:39:07.334+05:30  INFO 10620 --- [smartbank-management-system] [restartedMain] .e.DevToolsPropertyDefaultsPostProcessor : Devtools property defaults active! Set 'spring.devtools.add-properties' to 'false' to disable
2026-09-11T20:39:07.334+05:30  INFO 10620 --- [smartbank-management-system] [restartedMain] .e.DevToolsPropertyDefaultsPostProcessor : For additional web related logging consider setting the 'logging.level.web' property to 'DEBUG'
2026-09-11T20:39:08.327+05:30  INFO 10620 --- [smartbank-management-system] [restartedMain] .s.d.r.c.RepositoryConfigurationDelegate : Bootstrapping Spring Data JPA repositories in DEFAULT mode.
2026-09-11T20:39:08.398+05:30  INFO 10620 --- [smartbank-management-system] [restartedMain] .s.d.r.c.RepositoryConfigurationDelegate : Finished Spring Data repository scanning in 61 ms. Found 4 JPA repository interfaces.
2026-09-11T20:39:08.995+05:30  INFO 10620 --- [smartbank-management-system] [restartedMain] o.s.b.w.embedded.tomcat.TomcatWebServer  : Tomcat initialized with port 9091 (http)
2026-09-11T20:39:09.008+05:30  INFO 10620 --- [smartbank-management-system] [restartedMain] o.apache.catalina.core.StandardService   : Starting service [Tomcat]
2026-09-11T20:39:09.009+05:30  INFO 10620 --- [smartbank-management-system] [restartedMain] o.apache.catalina.core.StandardEngine    : Starting Servlet engine: [Apache Tomcat/10.1.48]
2026-09-11T20:39:09.054+05:30  INFO 10620 --- [smartbank-management-system] [restartedMain] o.a.c.c.C.[Tomcat].[localhost].[/]       : Initializing Spring embedded WebApplicationContext
2026-09-11T20:39:09.054+05:30  INFO 10620 --- [smartbank-management-system] [restartedMain] w.s.c.ServletWebServerApplicationContext : Root WebApplicationContext: initialization completed in 1719 ms
2026-09-11T20:39:09.190+05:30  INFO 10620 --- [smartbank-management-system] [restartedMain] o.hibernate.jpa.internal.util.LogHelper  : HHH000204: Processing PersistenceUnitInfo [name: default]
2026-09-11T20:39:09.249+05:30  INFO 10620 --- [smartbank-management-system] [restartedMain] org.hibernate.Version                    : HHH000412: Hibernate ORM core version 6.6.33.Final
2026-09-11T20:39:09.285+05:30  INFO 10620 --- [smartbank-management-system] [restartedMain] o.h.c.internal.RegionFactoryInitiator    : HHH000026: Second-level cache disabled
2026-09-11T20:39:09.578+05:30  INFO 10620 --- [smartbank-management-system] [restartedMain] o.s.o.j.p.SpringPersistenceUnitInfo      : No LoadTimeWeaver setup: ignoring JPA class transformer
2026-09-11T20:39:09.610+05:30  INFO 10620 --- [smartbank-management-system] [restartedMain] com.zaxxer.hikari.HikariDataSource       : HikariPool-1 - Starting...
2026-09-11T20:39:10.959+05:30  WARN 10620 --- [smartbank-management-system] [restartedMain] o.h.engine.jdbc.spi.SqlExceptionHelper   : SQL Error: 1045, SQLState: 28000
2026-09-11T20:39:10.960+05:30 ERROR 10620 --- [smartbank-management-system] [restartedMain] o.h.engine.jdbc.spi.SqlExceptionHelper   : Access denied for user 'root'@'localhost' (using password: YES)
2026-09-11T20:39:10.965+05:30  WARN 10620 --- [smartbank-management-system] [restartedMain] o.h.e.j.e.i.JdbcEnvironmentInitiator     : HHH000342: Could not obtain connection to query metadata

org.hibernate.exception.GenericJDBCException: unable to obtain isolated JDBC connection [Access denied for user 'root'@'localhost' (using password: YES)] [n/a]
	at org.hibernate.exception.internal.StandardSQLExceptionConverter.convert(StandardSQLExceptionConverter.java:63) ~[hibernate-core-6.6.33.Final.jar:6.6.33.Final]
	at org.hibernate.engine.jdbc.spi.SqlExceptionHelper.convert(SqlExceptionHelper.java:108) ~[hibernate-core-6.6.33.Final.jar:6.6.33.Final]
	at org.hibernate.engine.jdbc.spi.SqlExceptionHelper.convert(SqlExceptionHelper.java:94) ~[hibernate-core-6.6.33.Final.jar:6.6.33.Final]
	at org.hibernate.resource.transaction.backend.jdbc.internal.JdbcIsolationDelegate.delegateWork(JdbcIsolationDelegate.java:116) ~[hibernate-core-6.6.33.Final.jar:6.6.33.Final]
	at org.hibernate.engine.jdbc.env.internal.JdbcEnvironmentInitiator.getJdbcEnvironmentUsingJdbcMetadata(JdbcEnvironmentInitiator.java:334) ~[hibernate-core-6.6.33.Final.jar:6.6.33.Final]
	at org.hibernate.engine.jdbc.env.internal.JdbcEnvironmentInitiator.initiateService(JdbcEnvironmentInitiator.java:129) ~[hibernate-core-6.6.33.Final.jar:6.6.33.Final]
	at org.hibernate.engine.jdbc.env.internal.JdbcEnvironmentInitiator.initiateService(JdbcEnvironmentInitiator.java:81) ~[hibernate-core-6.6.33.Final.jar:6.6.33.Final]
	at org.hibernate.boot.registry.internal.StandardServiceRegistryImpl.initiateService(StandardServiceRegistryImpl.java:130) ~[hibernate-core-6.6.33.Final.jar:6.6.33.Final]
	at org.hibernate.service.internal.AbstractServiceRegistryImpl.createService(AbstractServiceRegistryImpl.java:263) ~[hibernate-core-6.6.33.Final.jar:6.6.33.Final]
	at org.hibernate.service.internal.AbstractServiceRegistryImpl.initializeService(AbstractServiceRegistryImpl.java:238) ~[hibernate-core-6.6.33.Final.jar:6.6.33.Final]
	at org.hibernate.service.internal.AbstractServiceRegistryImpl.getService(AbstractServiceRegistryImpl.java:215) ~[hibernate-core-6.6.33.Final.jar:6.6.33.Final]
	at org.hibernate.boot.model.relational.Database.<init>(Database.java:45) ~[hibernate-core-6.6.33.Final.jar:6.6.33.Final]
	at org.hibernate.boot.internal.InFlightMetadataCollectorImpl.getDatabase(InFlightMetadataCollectorImpl.java:226) ~[hibernate-core-6.6.33.Final.jar:6.6.33.Final]
	at org.hibernate.boot.internal.InFlightMetadataCollectorImpl.<init>(InFlightMetadataCollectorImpl.java:194) ~[hibernate-core-6.6.33.Final.jar:6.6.33.Final]
	at org.hibernate.boot.model.process.spi.MetadataBuildingProcess.complete(MetadataBuildingProcess.java:171) ~[hibernate-core-6.6.33.Final.jar:6.6.33.Final]
	at org.hibernate.jpa.boot.internal.EntityManagerFactoryBuilderImpl.metadata(EntityManagerFactoryBuilderImpl.java:1442) ~[hibernate-core-6.6.33.Final.jar:6.6.33.Final]
	at org.hibernate.jpa.boot.internal.EntityManagerFactoryBuilderImpl.build(EntityManagerFactoryBuilderImpl.java:1513) ~[hibernate-core-6.6.33.Final.jar:6.6.33.Final]
	at org.springframework.orm.jpa.vendor.SpringHibernateJpaPersistenceProvider.createContainerEntityManagerFactory(SpringHibernateJpaPersistenceProvider.java:66) ~[spring-orm-6.2.12.jar:6.2.12]
	at org.springframework.orm.jpa.LocalContainerEntityManagerFactoryBean.createNativeEntityManagerFactory(LocalContainerEntityManagerFactoryBean.java:390) ~[spring-orm-6.2.12.jar:6.2.12]
	at org.springframework.orm.jpa.AbstractEntityManagerFactoryBean.buildNativeEntityManagerFactory(AbstractEntityManagerFactoryBean.java:419) ~[spring-orm-6.2.12.jar:6.2.12]
	at org.springframework.orm.jpa.AbstractEntityManagerFactoryBean.afterPropertiesSet(AbstractEntityManagerFactoryBean.java:400) ~[spring-orm-6.2.12.jar:6.2.12]
	at org.springframework.orm.jpa.LocalContainerEntityManagerFactoryBean.afterPropertiesSet(LocalContainerEntityManagerFactoryBean.java:366) ~[spring-orm-6.2.12.jar:6.2.12]
	at org.springframework.beans.factory.support.AbstractAutowireCapableBeanFactory.invokeInitMethods(AbstractAutowireCapableBeanFactory.java:1873) ~[spring-beans-6.2.12.jar:6.2.12]
	at org.springframework.beans.factory.support.AbstractAutowireCapableBeanFactory.initializeBean(AbstractAutowireCapableBeanFactory.java:1822) ~[spring-beans-6.2.12.jar:6.2.12]
	at org.springframework.beans.factory.support.AbstractAutowireCapableBeanFactory.doCreateBean(AbstractAutowireCapableBeanFactory.java:607) ~[spring-beans-6.2.12.jar:6.2.12]
	at org.springframework.beans.factory.support.AbstractAutowireCapableBeanFactory.createBean(AbstractAutowireCapableBeanFactory.java:529) ~[spring-beans-6.2.12.jar:6.2.12]
	at org.springframework.beans.factory.support.AbstractBeanFactory.lambda$doGetBean$0(AbstractBeanFactory.java:339) ~[spring-beans-6.2.12.jar:6.2.12]
	at org.springframework.beans.factory.support.DefaultSingletonBeanRegistry.getSingleton(DefaultSingletonBeanRegistry.java:373) ~[spring-beans-6.2.12.jar:6.2.12]
	at org.springframework.beans.factory.support.AbstractBeanFactory.doGetBean(AbstractBeanFactory.java:337) ~[spring-beans-6.2.12.jar:6.2.12]
	at org.springframework.beans.factory.support.AbstractBeanFactory.getBean(AbstractBeanFactory.java:202) ~[spring-beans-6.2.12.jar:6.2.12]
	at org.springframework.beans.factory.support.BeanDefinitionValueResolver.resolveReference(BeanDefinitionValueResolver.java:365) ~[spring-beans-6.2.12.jar:6.2.12]
	at org.springframework.beans.factory.support.BeanDefinitionValueResolver.resolveValueIfNecessary(BeanDefinitionValueResolver.java:135) ~[spring-beans-6.2.12.jar:6.2.12]
	at org.springframework.beans.factory.support.ConstructorResolver.resolveConstructorArguments(ConstructorResolver.java:691) ~[spring-beans-6.2.12.jar:6.2.12]
	at org.springframework.beans.factory.support.ConstructorResolver.instantiateUsingFactoryMethod(ConstructorResolver.java:513) ~[spring-beans-6.2.12.jar:6.2.12]
	at org.springframework.beans.factory.support.AbstractAutowireCapableBeanFactory.instantiateUsingFactoryMethod(AbstractAutowireCapableBeanFactory.java:1375) ~[spring-beans-6.2.12.jar:6.2.12]
	at org.springframework.beans.factory.support.AbstractAutowireCapableBeanFactory.createBeanInstance(AbstractAutowireCapableBeanFactory.java:1205) ~[spring-beans-6.2.12.jar:6.2.12]
	at org.springframework.beans.factory.support.AbstractAutowireCapableBeanFactory.doCreateBean(AbstractAutowireCapableBeanFactory.java:569) ~[spring-beans-6.2.12.jar:6.2.12]
	at org.springframework.beans.factory.support.AbstractAutowireCapableBeanFactory.createBean(AbstractAutowireCapableBeanFactory.java:529) ~[spring-beans-6.2.12.jar:6.2.12]
	at org.springframework.beans.factory.support.AbstractBeanFactory.lambda$doGetBean$0(AbstractBeanFactory.java:339) ~[spring-beans-6.2.12.jar:6.2.12]
	at org.springframework.beans.factory.support.DefaultSingletonBeanRegistry.getSingleton(DefaultSingletonBeanRegistry.java:373) ~[spring-beans-6.2.12.jar:6.2.12]
	at org.springframework.beans.factory.support.AbstractBeanFactory.doGetBean(AbstractBeanFactory.java:337) ~[spring-beans-6.2.12.jar:6.2.12]
	at org.springframework.beans.factory.support.AbstractBeanFactory.getBean(AbstractBeanFactory.java:202) ~[spring-beans-6.2.12.jar:6.2.12]
	at org.springframework.beans.factory.support.BeanDefinitionValueResolver.resolveReference(BeanDefinitionValueResolver.java:365) ~[spring-beans-6.2.12.jar:6.2.12]
	at org.springframework.beans.factory.support.BeanDefinitionValueResolver.resolveValueIfNecessary(BeanDefinitionValueResolver.java:135) ~[spring-beans-6.2.12.jar:6.2.12]
	at org.springframework.beans.factory.support.AbstractAutowireCapableBeanFactory.applyPropertyValues(AbstractAutowireCapableBeanFactory.java:1725) ~[spring-beans-6.2.12.jar:6.2.12]
	at org.springframework.beans.factory.support.AbstractAutowireCapableBeanFactory.populateBean(AbstractAutowireCapableBeanFactory.java:1474) ~[spring-beans-6.2.12.jar:6.2.12]
	at org.springframework.beans.factory.support.AbstractAutowireCapableBeanFactory.doCreateBean(AbstractAutowireCapableBeanFactory.java:606) ~[spring-beans-6.2.12.jar:6.2.12]
	at org.springframework.beans.factory.support.AbstractAutowireCapableBeanFactory.createBean(AbstractAutowireCapableBeanFactory.java:529) ~[spring-beans-6.2.12.jar:6.2.12]
	at org.springframework.beans.factory.support.AbstractBeanFactory.lambda$doGetBean$0(AbstractBeanFactory.java:339) ~[spring-beans-6.2.12.jar:6.2.12]
	at org.springframework.beans.factory.support.DefaultSingletonBeanRegistry.getSingleton(DefaultSingletonBeanRegistry.java:373) ~[spring-beans-6.2.12.jar:6.2.12]
	at org.springframework.beans.factory.support.AbstractBeanFactory.doGetBean(AbstractBeanFactory.java:337) ~[spring-beans-6.2.12.jar:6.2.12]
	at org.springframework.beans.factory.support.AbstractBeanFactory.getBean(AbstractBeanFactory.java:202) ~[spring-beans-6.2.12.jar:6.2.12]
	at org.springframework.beans.factory.support.DefaultListableBeanFactory.doResolveDependency(DefaultListableBeanFactory.java:1708) ~[spring-beans-6.2.12.jar:6.2.12]
	at org.springframework.beans.factory.support.DefaultListableBeanFactory.resolveDependency(DefaultListableBeanFactory.java:1653) ~[spring-beans-6.2.12.jar:6.2.12]
	at org.springframework.beans.factory.support.ConstructorResolver.resolveAutowiredArgument(ConstructorResolver.java:913) ~[spring-beans-6.2.12.jar:6.2.12]
	at org.springframework.beans.factory.support.ConstructorResolver.createArgumentArray(ConstructorResolver.java:791) ~[spring-beans-6.2.12.jar:6.2.12]
	at org.springframework.beans.factory.support.ConstructorResolver.autowireConstructor(ConstructorResolver.java:240) ~[spring-beans-6.2.12.jar:6.2.12]
	at org.springframework.beans.factory.support.AbstractAutowireCapableBeanFactory.autowireConstructor(AbstractAutowireCapableBeanFactory.java:1395) ~[spring-beans-6.2.12.jar:6.2.12]
	at org.springframework.beans.factory.support.AbstractAutowireCapableBeanFactory.createBeanInstance(AbstractAutowireCapableBeanFactory.java:1232) ~[spring-beans-6.2.12.jar:6.2.12]
	at org.springframework.beans.factory.support.AbstractAutowireCapableBeanFactory.doCreateBean(AbstractAutowireCapableBeanFactory.java:569) ~[spring-beans-6.2.12.jar:6.2.12]
	at org.springframework.beans.factory.support.AbstractAutowireCapableBeanFactory.createBean(AbstractAutowireCapableBeanFactory.java:529) ~[spring-beans-6.2.12.jar:6.2.12]
	at org.springframework.beans.factory.support.AbstractBeanFactory.lambda$doGetBean$0(AbstractBeanFactory.java:339) ~[spring-beans-6.2.12.jar:6.2.12]
	at org.springframework.beans.factory.support.DefaultSingletonBeanRegistry.getSingleton(DefaultSingletonBeanRegistry.java:373) ~[spring-beans-6.2.12.jar:6.2.12]
	at org.springframework.beans.factory.support.AbstractBeanFactory.doGetBean(AbstractBeanFactory.java:337) ~[spring-beans-6.2.12.jar:6.2.12]
	at org.springframework.beans.factory.support.AbstractBeanFactory.getBean(AbstractBeanFactory.java:202) ~[spring-beans-6.2.12.jar:6.2.12]
	at org.springframework.beans.factory.config.DependencyDescriptor.resolveCandidate(DependencyDescriptor.java:254) ~[spring-beans-6.2.12.jar:6.2.12]
	at org.springframework.beans.factory.support.DefaultListableBeanFactory.doResolveDependency(DefaultListableBeanFactory.java:1770) ~[spring-beans-6.2.12.jar:6.2.12]
	at org.springframework.beans.factory.support.DefaultListableBeanFactory.resolveDependency(DefaultListableBeanFactory.java:1653) ~[spring-beans-6.2.12.jar:6.2.12]
	at org.springframework.beans.factory.support.ConstructorResolver.resolveAutowiredArgument(ConstructorResolver.java:913) ~[spring-beans-6.2.12.jar:6.2.12]
	at org.springframework.beans.factory.support.ConstructorResolver.createArgumentArray(ConstructorResolver.java:791) ~[spring-beans-6.2.12.jar:6.2.12]
	at org.springframework.beans.factory.support.ConstructorResolver.autowireConstructor(ConstructorResolver.java:240) ~[spring-beans-6.2.12.jar:6.2.12]
	at org.springframework.beans.factory.support.AbstractAutowireCapableBeanFactory.autowireConstructor(AbstractAutowireCapableBeanFactory.java:1395) ~[spring-beans-6.2.12.jar:6.2.12]
	at org.springframework.beans.factory.support.AbstractAutowireCapableBeanFactory.createBeanInstance(AbstractAutowireCapableBeanFactory.java:1232) ~[spring-beans-6.2.12.jar:6.2.12]
	at org.springframework.beans.factory.support.AbstractAutowireCapableBeanFactory.doCreateBean(AbstractAutowireCapableBeanFactory.java:569) ~[spring-beans-6.2.12.jar:6.2.12]
	at org.springframework.beans.factory.support.AbstractAutowireCapableBeanFactory.createBean(AbstractAutowireCapableBeanFactory.java:529) ~[spring-beans-6.2.12.jar:6.2.12]
	at org.springframework.beans.factory.support.AbstractBeanFactory.lambda$doGetBean$0(AbstractBeanFactory.java:339) ~[spring-beans-6.2.12.jar:6.2.12]
	at org.springframework.beans.factory.support.DefaultSingletonBeanRegistry.getSingleton(DefaultSingletonBeanRegistry.java:373) ~[spring-beans-6.2.12.jar:6.2.12]
	at org.springframework.beans.factory.support.AbstractBeanFactory.doGetBean(AbstractBeanFactory.java:337) ~[spring-beans-6.2.12.jar:6.2.12]
	at org.springframework.beans.factory.support.AbstractBeanFactory.getBean(AbstractBeanFactory.java:207) ~[spring-beans-6.2.12.jar:6.2.12]
	at org.springframework.boot.web.servlet.ServletContextInitializerBeans.getOrderedBeansOfType(ServletContextInitializerBeans.java:230) ~[spring-boot-3.5.7.jar:3.5.7]
	at org.springframework.boot.web.servlet.ServletContextInitializerBeans.addAsRegistrationBean(ServletContextInitializerBeans.java:184) ~[spring-boot-3.5.7.jar:3.5.7]
	at org.springframework.boot.web.servlet.ServletContextInitializerBeans.addAsRegistrationBean(ServletContextInitializerBeans.java:179) ~[spring-boot-3.5.7.jar:3.5.7]
	at org.springframework.boot.web.servlet.ServletContextInitializerBeans.addAdaptableBeans(ServletContextInitializerBeans.java:164) ~[spring-boot-3.5.7.jar:3.5.7]
	at org.springframework.boot.web.servlet.ServletContextInitializerBeans.<init>(ServletContextInitializerBeans.java:96) ~[spring-boot-3.5.7.jar:3.5.7]
	at org.springframework.boot.web.servlet.context.ServletWebServerApplicationContext.getServletContextInitializerBeans(ServletWebServerApplicationContext.java:271) ~[spring-boot-3.5.7.jar:3.5.7]
	at org.springframework.boot.web.servlet.context.ServletWebServerApplicationContext.selfInitialize(ServletWebServerApplicationContext.java:245) ~[spring-boot-3.5.7.jar:3.5.7]
	at org.springframework.boot.web.embedded.tomcat.TomcatStarter.onStartup(TomcatStarter.java:52) ~[spring-boot-3.5.7.jar:3.5.7]
	at org.apache.catalina.core.StandardContext.startInternal(StandardContext.java:4452) ~[tomcat-embed-core-10.1.48.jar:10.1.48]
	at org.apache.catalina.util.LifecycleBase.start(LifecycleBase.java:164) ~[tomcat-embed-core-10.1.48.jar:10.1.48]
	at org.apache.catalina.core.ContainerBase$StartChild.call(ContainerBase.java:1201) ~[tomcat-embed-core-10.1.48.jar:10.1.48]
	at org.apache.catalina.core.ContainerBase$StartChild.call(ContainerBase.java:1191) ~[tomcat-embed-core-10.1.48.jar:10.1.48]
	at java.base/java.util.concurrent.FutureTask.run(FutureTask.java:264) ~[na:na]
	at org.apache.tomcat.util.threads.InlineExecutorService.execute(InlineExecutorService.java:81) ~[tomcat-embed-core-10.1.48.jar:10.1.48]
	at java.base/java.util.concurrent.AbstractExecutorService.submit(AbstractExecutorService.java:145) ~[na:na]
	at org.apache.catalina.core.ContainerBase.startInternal(ContainerBase.java:747) ~[tomcat-embed-core-10.1.48.jar:10.1.48]
	at org.apache.catalina.core.StandardHost.startInternal(StandardHost.java:770) ~[tomcat-embed-core-10.1.48.jar:10.1.48]
	at org.apache.catalina.util.LifecycleBase.start(LifecycleBase.java:164) ~[tomcat-embed-core-10.1.48.jar:10.1.48]
	at org.apache.catalina.core.ContainerBase$StartChild.call(ContainerBase.java:1201) ~[tomcat-embed-core-10.1.48.jar:10.1.48]
	at org.apache.catalina.core.ContainerBase$StartChild.call(ContainerBase.java:1191) ~[tomcat-embed-core-10.1.48.jar:10.1.48]
	at java.base/java.util.concurrent.FutureTask.run(FutureTask.java:264) ~[na:na]
	at org.apache.tomcat.util.threads.InlineExecutorService.execute(InlineExecutorService.java:81) ~[tomcat-embed-core-10.1.48.jar:10.1.48]
	at java.base/java.util.concurrent.AbstractExecutorService.submit(AbstractExecutorService.java:145) ~[na:na]
	at org.apache.catalina.core.ContainerBase.startInternal(ContainerBase.java:747) ~[tomcat-embed-core-10.1.48.jar:10.1.48]
	at org.apache.catalina.core.StandardEngine.startInternal(StandardEngine.java:201) ~[tomcat-embed-core-10.1.48.jar:10.1.48]
	at org.apache.catalina.util.LifecycleBase.start(LifecycleBase.java:164) ~[tomcat-embed-core-10.1.48.jar:10.1.48]
	at org.apache.catalina.core.StandardService.startInternal(StandardService.java:410) ~[tomcat-embed-core-10.1.48.jar:10.1.48]
	at org.apache.catalina.util.LifecycleBase.start(LifecycleBase.java:164) ~[tomcat-embed-core-10.1.48.jar:10.1.48]
	at org.apache.catalina.core.StandardServer.startInternal(StandardServer.java:868) ~[tomcat-embed-core-10.1.48.jar:10.1.48]
	at org.apache.catalina.util.LifecycleBase.start(LifecycleBase.java:164) ~[tomcat-embed-core-10.1.48.jar:10.1.48]
	at org.apache.catalina.startup.Tomcat.start(Tomcat.java:436) ~[tomcat-embed-core-10.1.48.jar:10.1.48]
	at org.springframework.boot.web.embedded.tomcat.TomcatWebServer.initialize(TomcatWebServer.java:128) ~[spring-boot-3.5.7.jar:3.5.7]
	at org.springframework.boot.web.embedded.tomcat.TomcatWebServer.<init>(TomcatWebServer.java:107) ~[spring-boot-3.5.7.jar:3.5.7]
	at org.springframework.boot.web.embedded.tomcat.TomcatServletWebServerFactory.getTomcatWebServer(TomcatServletWebServerFactory.java:517) ~[spring-boot-3.5.7.jar:3.5.7]
	at org.springframework.boot.web.embedded.tomcat.TomcatServletWebServerFactory.getWebServer(TomcatServletWebServerFactory.java:219) ~[spring-boot-3.5.7.jar:3.5.7]
	at org.springframework.boot.web.servlet.context.ServletWebServerApplicationContext.createWebServer(ServletWebServerApplicationContext.java:193) ~[spring-boot-3.5.7.jar:3.5.7]
	at org.springframework.boot.web.servlet.context.ServletWebServerApplicationContext.onRefresh(ServletWebServerApplicationContext.java:167) ~[spring-boot-3.5.7.jar:3.5.7]
	at org.springframework.context.support.AbstractApplicationContext.refresh(AbstractApplicationContext.java:621) ~[spring-context-6.2.12.jar:6.2.12]
	at org.springframework.boot.web.servlet.context.ServletWebServerApplicationContext.refresh(ServletWebServerApplicationContext.java:146) ~[spring-boot-3.5.7.jar:3.5.7]
	at org.springframework.boot.SpringApplication.refresh(SpringApplication.java:752) ~[spring-boot-3.5.7.jar:3.5.7]
	at org.springframework.boot.SpringApplication.refreshContext(SpringApplication.java:439) ~[spring-boot-3.5.7.jar:3.5.7]
	at org.springframework.boot.SpringApplication.run(SpringApplication.java:318) ~[spring-boot-3.5.7.jar:3.5.7]
	at org.springframework.boot.SpringApplication.run(SpringApplication.java:1361) ~[spring-boot-3.5.7.jar:3.5.7]
	at org.springframework.boot.SpringApplication.run(SpringApplication.java:1350) ~[spring-boot-3.5.7.jar:3.5.7]
	at com.bank.smartbank.SmartBankManagementSystemApplication.main(SmartBankManagementSystemApplication.java:12) ~[classes/:na]
	at java.base/jdk.internal.reflect.NativeMethodAccessorImpl.invoke0(Native Method) ~[na:na]
	at java.base/jdk.internal.reflect.NativeMethodAccessorImpl.invoke(NativeMethodAccessorImpl.java:77) ~[na:na]
	at java.base/jdk.internal.reflect.DelegatingMethodAccessorImpl.invoke(DelegatingMethodAccessorImpl.java:43) ~[na:na]
	at java.base/java.lang.reflect.Method.invoke(Method.java:568) ~[na:na]
	at org.springframework.boot.devtools.restart.RestartLauncher.run(RestartLauncher.java:50) ~[spring-boot-devtools-3.5.7.jar:3.5.7]
Caused by: java.sql.SQLException: Access denied for user 'root'@'localhost' (using password: YES)
	at com.mysql.cj.jdbc.exceptions.SQLError.createSQLException(SQLError.java:121) ~[mysql-connector-j-9.4.0.jar:9.4.0]
	at com.mysql.cj.jdbc.exceptions.SQLExceptionsMapping.translateException(SQLExceptionsMapping.java:114) ~[mysql-connector-j-9.4.0.jar:9.4.0]
	at com.mysql.cj.jdbc.ConnectionImpl.createNewIO(ConnectionImpl.java:839) ~[mysql-connector-j-9.4.0.jar:9.4.0]
	at com.mysql.cj.jdbc.ConnectionImpl.<init>(ConnectionImpl.java:415) ~[mysql-connector-j-9.4.0.jar:9.4.0]
	at com.mysql.cj.jdbc.ConnectionImpl.getInstance(ConnectionImpl.java:237) ~[mysql-connector-j-9.4.0.jar:9.4.0]
	at com.mysql.cj.jdbc.NonRegisteringDriver.connect(NonRegisteringDriver.java:180) ~[mysql-connector-j-9.4.0.jar:9.4.0]
	at com.zaxxer.hikari.util.DriverDataSource.getConnection(DriverDataSource.java:144) ~[HikariCP-6.3.3.jar:na]
	at com.zaxxer.hikari.pool.PoolBase.newConnection(PoolBase.java:370) ~[HikariCP-6.3.3.jar:na]
	at com.zaxxer.hikari.pool.PoolBase.newPoolEntry(PoolBase.java:207) ~[HikariCP-6.3.3.jar:na]
	at com.zaxxer.hikari.pool.HikariPool.createPoolEntry(HikariPool.java:488) ~[HikariCP-6.3.3.jar:na]
	at com.zaxxer.hikari.pool.HikariPool.checkFailFast(HikariPool.java:576) ~[HikariCP-6.3.3.jar:na]
	at com.zaxxer.hikari.pool.HikariPool.<init>(HikariPool.java:97) ~[HikariCP-6.3.3.jar:na]
	at com.zaxxer.hikari.HikariDataSource.getConnection(HikariDataSource.java:111) ~[HikariCP-6.3.3.jar:na]
	at org.hibernate.engine.jdbc.connections.internal.DatasourceConnectionProviderImpl.getConnection(DatasourceConnectionProviderImpl.java:126) ~[hibernate-core-6.6.33.Final.jar:6.6.33.Final]
	at org.hibernate.engine.jdbc.env.internal.JdbcEnvironmentInitiator$ConnectionProviderJdbcConnectionAccess.obtainConnection(JdbcEnvironmentInitiator.java:485) ~[hibernate-core-6.6.33.Final.jar:6.6.33.Final]
	at org.hibernate.resource.transaction.backend.jdbc.internal.JdbcIsolationDelegate.delegateWork(JdbcIsolationDelegate.java:61) ~[hibernate-core-6.6.33.Final.jar:6.6.33.Final]
	... 125 common frames omitted

2026-09-11T20:39:10.993+05:30 ERROR 10620 --- [smartbank-management-system] [restartedMain] j.LocalContainerEntityManagerFactoryBean : Failed to initialize JPA EntityManagerFactory: Unable to create requested service [org.hibernate.engine.jdbc.env.spi.JdbcEnvironment] due to: Unable to determine Dialect without JDBC metadata (please set 'jakarta.persistence.jdbc.url' for common cases or 'hibernate.dialect' when a custom Dialect implementation must be provided)
2026-09-11T20:39:10.995+05:30 ERROR 10620 --- [smartbank-management-system] [restartedMain] o.s.b.web.embedded.tomcat.TomcatStarter  : Error starting Tomcat context. Exception: org.springframework.beans.factory.UnsatisfiedDependencyException. Message: Error creating bean with name 'jwtAuthenticationFilter' defined in file [C:\Users\SYED MUBEEN\Desktop\SpringPro\springboot-projects\SmartBank\target\classes\com\bank\smartbank\security\JwtAuthenticationFilter.class]: Unsatisfied dependency expressed through constructor parameter 1: Error creating bean with name 'userDetailsServiceImpl' defined in file [C:\Users\SYED MUBEEN\Desktop\SpringPro\springboot-projects\SmartBank\target\classes\com\bank\smartbank\security\UserDetailsServiceImpl.class]: Unsatisfied dependency expressed through constructor parameter 0: Error creating bean with name 'userRepository' defined in com.bank.smartbank.repository.UserRepository defined in @EnableJpaRepositories declared on JpaRepositoriesRegistrar.EnableJpaRepositoriesConfiguration: Cannot resolve reference to bean 'jpaSharedEM_entityManagerFactory' while setting bean property 'entityManager'
2026-09-11T20:39:11.027+05:30  INFO 10620 --- [smartbank-management-system] [restartedMain] o.apache.catalina.core.StandardService   : Stopping service [Tomcat]
2026-09-11T20:39:11.032+05:30  WARN 10620 --- [smartbank-management-system] [restartedMain] ConfigServletWebServerApplicationContext : Exception encountered during context initialization - cancelling refresh attempt: org.springframework.context.ApplicationContextException: Unable to start web server
2026-09-11T20:39:11.043+05:30  INFO 10620 --- [smartbank-management-system] [restartedMain] .s.b.a.l.ConditionEvaluationReportLogger : 

Error starting ApplicationContext. To display the condition evaluation report re-run your application with 'debug' enabled.
2026-09-11T20:39:11.067+05:30 ERROR 10620 --- [smartbank-management-system] [restartedMain] o.s.boot.SpringApplication               : Application run failed

org.springframework.context.ApplicationContextException: Unable to start web server
	at org.springframework.boot.web.servlet.context.ServletWebServerApplicationContext.onRefresh(ServletWebServerApplicationContext.java:170) ~[spring-boot-3.5.7.jar:3.5.7]
	at org.springframework.context.support.AbstractApplicationContext.refresh(AbstractApplicationContext.java:621) ~[spring-context-6.2.12.jar:6.2.12]
	at org.springframework.boot.web.servlet.context.ServletWebServerApplicationContext.refresh(ServletWebServerApplicationContext.java:146) ~[spring-boot-3.5.7.jar:3.5.7]
	at org.springframework.boot.SpringApplication.refresh(SpringApplication.java:752) ~[spring-boot-3.5.7.jar:3.5.7]
	at org.springframework.boot.SpringApplication.refreshContext(SpringApplication.java:439) ~[spring-boot-3.5.7.jar:3.5.7]
	at org.springframework.boot.SpringApplication.run(SpringApplication.java:318) ~[spring-boot-3.5.7.jar:3.5.7]
	at org.springframework.boot.SpringApplication.run(SpringApplication.java:1361) ~[spring-boot-3.5.7.jar:3.5.7]
	at org.springframework.boot.SpringApplication.run(SpringApplication.java:1350) ~[spring-boot-3.5.7.jar:3.5.7]
	at com.bank.smartbank.SmartBankManagementSystemApplication.main(SmartBankManagementSystemApplication.java:12) ~[classes/:na]
	at java.base/jdk.internal.reflect.NativeMethodAccessorImpl.invoke0(Native Method) ~[na:na]
	at java.base/jdk.internal.reflect.NativeMethodAccessorImpl.invoke(NativeMethodAccessorImpl.java:77) ~[na:na]
	at java.base/jdk.internal.reflect.DelegatingMethodAccessorImpl.invoke(DelegatingMethodAccessorImpl.java:43) ~[na:na]
	at java.base/java.lang.reflect.Method.invoke(Method.java:568) ~[na:na]
	at org.springframework.boot.devtools.restart.RestartLauncher.run(RestartLauncher.java:50) ~[spring-boot-devtools-3.5.7.jar:3.5.7]
Caused by: org.springframework.boot.web.server.WebServerException: Unable to start embedded Tomcat
	at org.springframework.boot.web.embedded.tomcat.TomcatWebServer.initialize(TomcatWebServer.java:147) ~[spring-boot-3.5.7.jar:3.5.7]
	at org.springframework.boot.web.embedded.tomcat.TomcatWebServer.<init>(TomcatWebServer.java:107) ~[spring-boot-3.5.7.jar:3.5.7]
	at org.springframework.boot.web.embedded.tomcat.TomcatServletWebServerFactory.getTomcatWebServer(TomcatServletWebServerFactory.java:517) ~[spring-boot-3.5.7.jar:3.5.7]
	at org.springframework.boot.web.embedded.tomcat.TomcatServletWebServerFactory.getWebServer(TomcatServletWebServerFactory.java:219) ~[spring-boot-3.5.7.jar:3.5.7]
	at org.springframework.boot.web.servlet.context.ServletWebServerApplicationContext.createWebServer(ServletWebServerApplicationContext.java:193) ~[spring-boot-3.5.7.jar:3.5.7]
	at org.springframework.boot.web.servlet.context.ServletWebServerApplicationContext.onRefresh(ServletWebServerApplicationContext.java:167) ~[spring-boot-3.5.7.jar:3.5.7]
	... 13 common frames omitted
Caused by: org.springframework.beans.factory.UnsatisfiedDependencyException: Error creating bean with name 'jwtAuthenticationFilter' defined in file [C:\Users\SYED MUBEEN\Desktop\SpringPro\springboot-projects\SmartBank\target\classes\com\bank\smartbank\security\JwtAuthenticationFilter.class]: Unsatisfied dependency expressed through constructor parameter 1: Error creating bean with name 'userDetailsServiceImpl' defined in file [C:\Users\SYED MUBEEN\Desktop\SpringPro\springboot-projects\SmartBank\target\classes\com\bank\smartbank\security\UserDetailsServiceImpl.class]: Unsatisfied dependency expressed through constructor parameter 0: Error creating bean with name 'userRepository' defined in com.bank.smartbank.repository.UserRepository defined in @EnableJpaRepositories declared on JpaRepositoriesRegistrar.EnableJpaRepositoriesConfiguration: Cannot resolve reference to bean 'jpaSharedEM_entityManagerFactory' while setting bean property 'entityManager'
	at org.springframework.beans.factory.support.ConstructorResolver.createArgumentArray(ConstructorResolver.java:804) ~[spring-beans-6.2.12.jar:6.2.12]
	at org.springframework.beans.factory.support.ConstructorResolver.autowireConstructor(ConstructorResolver.java:240) ~[spring-beans-6.2.12.jar:6.2.12]
	at org.springframework.beans.factory.support.AbstractAutowireCapableBeanFactory.autowireConstructor(AbstractAutowireCapableBeanFactory.java:1395) ~[spring-beans-6.2.12.jar:6.2.12]
	at org.springframework.beans.factory.support.AbstractAutowireCapableBeanFactory.createBeanInstance(AbstractAutowireCapableBeanFactory.java:1232) ~[spring-beans-6.2.12.jar:6.2.12]
	at org.springframework.beans.factory.support.AbstractAutowireCapableBeanFactory.doCreateBean(AbstractAutowireCapableBeanFactory.java:569) ~[spring-beans-6.2.12.jar:6.2.12]
	at org.springframework.beans.factory.support.AbstractAutowireCapableBeanFactory.createBean(AbstractAutowireCapableBeanFactory.java:529) ~[spring-beans-6.2.12.jar:6.2.12]
	at org.springframework.beans.factory.support.AbstractBeanFactory.lambda$doGetBean$0(AbstractBeanFactory.java:339) ~[spring-beans-6.2.12.jar:6.2.12]
	at org.springframework.beans.factory.support.DefaultSingletonBeanRegistry.getSingleton(DefaultSingletonBeanRegistry.java:373) ~[spring-beans-6.2.12.jar:6.2.12]
	at org.springframework.beans.factory.support.AbstractBeanFactory.doGetBean(AbstractBeanFactory.java:337) ~[spring-beans-6.2.12.jar:6.2.12]
	at org.springframework.beans.factory.support.AbstractBeanFactory.getBean(AbstractBeanFactory.java:207) ~[spring-beans-6.2.12.jar:6.2.12]
	at org.springframework.boot.web.servlet.ServletContextInitializerBeans.getOrderedBeansOfType(ServletContextInitializerBeans.java:230) ~[spring-boot-3.5.7.jar:3.5.7]
	at org.springframework.boot.web.servlet.ServletContextInitializerBeans.addAsRegistrationBean(ServletContextInitializerBeans.java:184) ~[spring-boot-3.5.7.jar:3.5.7]
	at org.springframework.boot.web.servlet.ServletContextInitializerBeans.addAsRegistrationBean(ServletContextInitializerBeans.java:179) ~[spring-boot-3.5.7.jar:3.5.7]
	at org.springframework.boot.web.servlet.ServletContextInitializerBeans.addAdaptableBeans(ServletContextInitializerBeans.java:164) ~[spring-boot-3.5.7.jar:3.5.7]
	at org.springframework.boot.web.servlet.ServletContextInitializerBeans.<init>(ServletContextInitializerBeans.java:96) ~[spring-boot-3.5.7.jar:3.5.7]
	at org.springframework.boot.web.servlet.context.ServletWebServerApplicationContext.getServletContextInitializerBeans(ServletWebServerApplicationContext.java:271) ~[spring-boot-3.5.7.jar:3.5.7]
	at org.springframework.boot.web.servlet.context.ServletWebServerApplicationContext.selfInitialize(ServletWebServerApplicationContext.java:245) ~[spring-boot-3.5.7.jar:3.5.7]
	at org.springframework.boot.web.embedded.tomcat.TomcatStarter.onStartup(TomcatStarter.java:52) ~[spring-boot-3.5.7.jar:3.5.7]
	at org.apache.catalina.core.StandardContext.startInternal(StandardContext.java:4452) ~[tomcat-embed-core-10.1.48.jar:10.1.48]
	at org.apache.catalina.util.LifecycleBase.start(LifecycleBase.java:164) ~[tomcat-embed-core-10.1.48.jar:10.1.48]
	at org.apache.catalina.core.ContainerBase$StartChild.call(ContainerBase.java:1201) ~[tomcat-embed-core-10.1.48.jar:10.1.48]
	at org.apache.catalina.core.ContainerBase$StartChild.call(ContainerBase.java:1191) ~[tomcat-embed-core-10.1.48.jar:10.1.48]
	at java.base/java.util.concurrent.FutureTask.run(FutureTask.java:264) ~[na:na]
	at org.apache.tomcat.util.threads.InlineExecutorService.execute(InlineExecutorService.java:81) ~[tomcat-embed-core-10.1.48.jar:10.1.48]
	at java.base/java.util.concurrent.AbstractExecutorService.submit(AbstractExecutorService.java:145) ~[na:na]
	at org.apache.catalina.core.ContainerBase.startInternal(ContainerBase.java:747) ~[tomcat-embed-core-10.1.48.jar:10.1.48]
	at org.apache.catalina.core.StandardHost.startInternal(StandardHost.java:770) ~[tomcat-embed-core-10.1.48.jar:10.1.48]
	at org.apache.catalina.util.LifecycleBase.start(LifecycleBase.java:164) ~[tomcat-embed-core-10.1.48.jar:10.1.48]
	at org.apache.catalina.core.ContainerBase$StartChild.call(ContainerBase.java:1201) ~[tomcat-embed-core-10.1.48.jar:10.1.48]
	at org.apache.catalina.core.ContainerBase$StartChild.call(ContainerBase.java:1191) ~[tomcat-embed-core-10.1.48.jar:10.1.48]
	at java.base/java.util.concurrent.FutureTask.run(FutureTask.java:264) ~[na:na]
	at org.apache.tomcat.util.threads.InlineExecutorService.execute(InlineExecutorService.java:81) ~[tomcat-embed-core-10.1.48.jar:10.1.48]
	at java.base/java.util.concurrent.AbstractExecutorService.submit(AbstractExecutorService.java:145) ~[na:na]
	at org.apache.catalina.core.ContainerBase.startInternal(ContainerBase.java:747) ~[tomcat-embed-core-10.1.48.jar:10.1.48]
	at org.apache.catalina.core.StandardEngine.startInternal(StandardEngine.java:201) ~[tomcat-embed-core-10.1.48.jar:10.1.48]
	at org.apache.catalina.util.LifecycleBase.start(LifecycleBase.java:164) ~[tomcat-embed-core-10.1.48.jar:10.1.48]
	at org.apache.catalina.core.StandardService.startInternal(StandardService.java:410) ~[tomcat-embed-core-10.1.48.jar:10.1.48]
	at org.apache.catalina.util.LifecycleBase.start(LifecycleBase.java:164) ~[tomcat-embed-core-10.1.48.jar:10.1.48]
	at org.apache.catalina.core.StandardServer.startInternal(StandardServer.java:868) ~[tomcat-embed-core-10.1.48.jar:10.1.48]
	at org.apache.catalina.util.LifecycleBase.start(LifecycleBase.java:164) ~[tomcat-embed-core-10.1.48.jar:10.1.48]
	at org.apache.catalina.startup.Tomcat.start(Tomcat.java:436) ~[tomcat-embed-core-10.1.48.jar:10.1.48]
	at org.springframework.boot.web.embedded.tomcat.TomcatWebServer.initialize(TomcatWebServer.java:128) ~[spring-boot-3.5.7.jar:3.5.7]
	... 18 common frames omitted
Caused by: org.springframework.beans.factory.UnsatisfiedDependencyException: Error creating bean with name 'userDetailsServiceImpl' defined in file [C:\Users\SYED MUBEEN\Desktop\SpringPro\springboot-projects\SmartBank\target\classes\com\bank\smartbank\security\UserDetailsServiceImpl.class]: Unsatisfied dependency expressed through constructor parameter 0: Error creating bean with name 'userRepository' defined in com.bank.smartbank.repository.UserRepository defined in @EnableJpaRepositories declared on JpaRepositoriesRegistrar.EnableJpaRepositoriesConfiguration: Cannot resolve reference to bean 'jpaSharedEM_entityManagerFactory' while setting bean property 'entityManager'
	at org.springframework.beans.factory.support.ConstructorResolver.createArgumentArray(ConstructorResolver.java:804) ~[spring-beans-6.2.12.jar:6.2.12]
	at org.springframework.beans.factory.support.ConstructorResolver.autowireConstructor(ConstructorResolver.java:240) ~[spring-beans-6.2.12.jar:6.2.12]
	at org.springframework.beans.factory.support.AbstractAutowireCapableBeanFactory.autowireConstructor(AbstractAutowireCapableBeanFactory.java:1395) ~[spring-beans-6.2.12.jar:6.2.12]
	at org.springframework.beans.factory.support.AbstractAutowireCapableBeanFactory.createBeanInstance(AbstractAutowireCapableBeanFactory.java:1232) ~[spring-beans-6.2.12.jar:6.2.12]
	at org.springframework.beans.factory.support.AbstractAutowireCapableBeanFactory.doCreateBean(AbstractAutowireCapableBeanFactory.java:569) ~[spring-beans-6.2.12.jar:6.2.12]
	at org.springframework.beans.factory.support.AbstractAutowireCapableBeanFactory.createBean(AbstractAutowireCapableBeanFactory.java:529) ~[spring-beans-6.2.12.jar:6.2.12]
	at org.springframework.beans.factory.support.AbstractBeanFactory.lambda$doGetBean$0(AbstractBeanFactory.java:339) ~[spring-beans-6.2.12.jar:6.2.12]
	at org.springframework.beans.factory.support.DefaultSingletonBeanRegistry.getSingleton(DefaultSingletonBeanRegistry.java:373) ~[spring-beans-6.2.12.jar:6.2.12]
	at org.springframework.beans.factory.support.AbstractBeanFactory.doGetBean(AbstractBeanFactory.java:337) ~[spring-beans-6.2.12.jar:6.2.12]
	at org.springframework.beans.factory.support.AbstractBeanFactory.getBean(AbstractBeanFactory.java:202) ~[spring-beans-6.2.12.jar:6.2.12]
	at org.springframework.beans.factory.config.DependencyDescriptor.resolveCandidate(DependencyDescriptor.java:254) ~[spring-beans-6.2.12.jar:6.2.12]
	at org.springframework.beans.factory.support.DefaultListableBeanFactory.doResolveDependency(DefaultListableBeanFactory.java:1770) ~[spring-beans-6.2.12.jar:6.2.12]
	at org.springframework.beans.factory.support.DefaultListableBeanFactory.resolveDependency(DefaultListableBeanFactory.java:1653) ~[spring-beans-6.2.12.jar:6.2.12]
	at org.springframework.beans.factory.support.ConstructorResolver.resolveAutowiredArgument(ConstructorResolver.java:913) ~[spring-beans-6.2.12.jar:6.2.12]
	at org.springframework.beans.factory.support.ConstructorResolver.createArgumentArray(ConstructorResolver.java:791) ~[spring-beans-6.2.12.jar:6.2.12]
	... 59 common frames omitted
Caused by: org.springframework.beans.factory.BeanCreationException: Error creating bean with name 'userRepository' defined in com.bank.smartbank.repository.UserRepository defined in @EnableJpaRepositories declared on JpaRepositoriesRegistrar.EnableJpaRepositoriesConfiguration: Cannot resolve reference to bean 'jpaSharedEM_entityManagerFactory' while setting bean property 'entityManager'
	at org.springframework.beans.factory.support.BeanDefinitionValueResolver.resolveReference(BeanDefinitionValueResolver.java:377) ~[spring-beans-6.2.12.jar:6.2.12]
	at org.springframework.beans.factory.support.BeanDefinitionValueResolver.resolveValueIfNecessary(BeanDefinitionValueResolver.java:135) ~[spring-beans-6.2.12.jar:6.2.12]
	at org.springframework.beans.factory.support.AbstractAutowireCapableBeanFactory.applyPropertyValues(AbstractAutowireCapableBeanFactory.java:1725) ~[spring-beans-6.2.12.jar:6.2.12]
	at org.springframework.beans.factory.support.AbstractAutowireCapableBeanFactory.populateBean(AbstractAutowireCapableBeanFactory.java:1474) ~[spring-beans-6.2.12.jar:6.2.12]
	at org.springframework.beans.factory.support.AbstractAutowireCapableBeanFactory.doCreateBean(AbstractAutowireCapableBeanFactory.java:606) ~[spring-beans-6.2.12.jar:6.2.12]
	at org.springframework.beans.factory.support.AbstractAutowireCapableBeanFactory.createBean(AbstractAutowireCapableBeanFactory.java:529) ~[spring-beans-6.2.12.jar:6.2.12]
	at org.springframework.beans.factory.support.AbstractBeanFactory.lambda$doGetBean$0(AbstractBeanFactory.java:339) ~[spring-beans-6.2.12.jar:6.2.12]
	at org.springframework.beans.factory.support.DefaultSingletonBeanRegistry.getSingleton(DefaultSingletonBeanRegistry.java:373) ~[spring-beans-6.2.12.jar:6.2.12]
	at org.springframework.beans.factory.support.AbstractBeanFactory.doGetBean(AbstractBeanFactory.java:337) ~[spring-beans-6.2.12.jar:6.2.12]
	at org.springframework.beans.factory.support.AbstractBeanFactory.getBean(AbstractBeanFactory.java:202) ~[spring-beans-6.2.12.jar:6.2.12]
	at org.springframework.beans.factory.support.DefaultListableBeanFactory.doResolveDependency(DefaultListableBeanFactory.java:1708) ~[spring-beans-6.2.12.jar:6.2.12]
	at org.springframework.beans.factory.support.DefaultListableBeanFactory.resolveDependency(DefaultListableBeanFactory.java:1653) ~[spring-beans-6.2.12.jar:6.2.12]
	at org.springframework.beans.factory.support.ConstructorResolver.resolveAutowiredArgument(ConstructorResolver.java:913) ~[spring-beans-6.2.12.jar:6.2.12]
	at org.springframework.beans.factory.support.ConstructorResolver.createArgumentArray(ConstructorResolver.java:791) ~[spring-beans-6.2.12.jar:6.2.12]
	... 73 common frames omitted
Caused by: org.springframework.beans.factory.BeanCreationException: Error creating bean with name 'jpaSharedEM_entityManagerFactory': Cannot resolve reference to bean 'entityManagerFactory' while setting constructor argument
	at org.springframework.beans.factory.support.BeanDefinitionValueResolver.resolveReference(BeanDefinitionValueResolver.java:377) ~[spring-beans-6.2.12.jar:6.2.12]
	at org.springframework.beans.factory.support.BeanDefinitionValueResolver.resolveValueIfNecessary(BeanDefinitionValueResolver.java:135) ~[spring-beans-6.2.12.jar:6.2.12]
	at org.springframework.beans.factory.support.ConstructorResolver.resolveConstructorArguments(ConstructorResolver.java:691) ~[spring-beans-6.2.12.jar:6.2.12]
	at org.springframework.beans.factory.support.ConstructorResolver.instantiateUsingFactoryMethod(ConstructorResolver.java:513) ~[spring-beans-6.2.12.jar:6.2.12]
	at org.springframework.beans.factory.support.AbstractAutowireCapableBeanFactory.instantiateUsingFactoryMethod(AbstractAutowireCapableBeanFactory.java:1375) ~[spring-beans-6.2.12.jar:6.2.12]
	at org.springframework.beans.factory.support.AbstractAutowireCapableBeanFactory.createBeanInstance(AbstractAutowireCapableBeanFactory.java:1205) ~[spring-beans-6.2.12.jar:6.2.12]
	at org.springframework.beans.factory.support.AbstractAutowireCapableBeanFactory.doCreateBean(AbstractAutowireCapableBeanFactory.java:569) ~[spring-beans-6.2.12.jar:6.2.12]
	at org.springframework.beans.factory.support.AbstractAutowireCapableBeanFactory.createBean(AbstractAutowireCapableBeanFactory.java:529) ~[spring-beans-6.2.12.jar:6.2.12]
	at org.springframework.beans.factory.support.AbstractBeanFactory.lambda$doGetBean$0(AbstractBeanFactory.java:339) ~[spring-beans-6.2.12.jar:6.2.12]
	at org.springframework.beans.factory.support.DefaultSingletonBeanRegistry.getSingleton(DefaultSingletonBeanRegistry.java:373) ~[spring-beans-6.2.12.jar:6.2.12]
	at org.springframework.beans.factory.support.AbstractBeanFactory.doGetBean(AbstractBeanFactory.java:337) ~[spring-beans-6.2.12.jar:6.2.12]
	at org.springframework.beans.factory.support.AbstractBeanFactory.getBean(AbstractBeanFactory.java:202) ~[spring-beans-6.2.12.jar:6.2.12]
	at org.springframework.beans.factory.support.BeanDefinitionValueResolver.resolveReference(BeanDefinitionValueResolver.java:365) ~[spring-beans-6.2.12.jar:6.2.12]
	... 86 common frames omitted
Caused by: org.springframework.beans.factory.BeanCreationException: Error creating bean with name 'entityManagerFactory' defined in class path resource [org/springframework/boot/autoconfigure/orm/jpa/HibernateJpaConfiguration.class]: Unable to create requested service [org.hibernate.engine.jdbc.env.spi.JdbcEnvironment] due to: Unable to determine Dialect without JDBC metadata (please set 'jakarta.persistence.jdbc.url' for common cases or 'hibernate.dialect' when a custom Dialect implementation must be provided)
	at org.springframework.beans.factory.support.AbstractAutowireCapableBeanFactory.initializeBean(AbstractAutowireCapableBeanFactory.java:1826) ~[spring-beans-6.2.12.jar:6.2.12]
	at org.springframework.beans.factory.support.AbstractAutowireCapableBeanFactory.doCreateBean(AbstractAutowireCapableBeanFactory.java:607) ~[spring-beans-6.2.12.jar:6.2.12]
	at org.springframework.beans.factory.support.AbstractAutowireCapableBeanFactory.createBean(AbstractAutowireCapableBeanFactory.java:529) ~[spring-beans-6.2.12.jar:6.2.12]
	at org.springframework.beans.factory.support.AbstractBeanFactory.lambda$doGetBean$0(AbstractBeanFactory.java:339) ~[spring-beans-6.2.12.jar:6.2.12]
	at org.springframework.beans.factory.support.DefaultSingletonBeanRegistry.getSingleton(DefaultSingletonBeanRegistry.java:373) ~[spring-beans-6.2.12.jar:6.2.12]
	at org.springframework.beans.factory.support.AbstractBeanFactory.doGetBean(AbstractBeanFactory.java:337) ~[spring-beans-6.2.12.jar:6.2.12]
	at org.springframework.beans.factory.support.AbstractBeanFactory.getBean(AbstractBeanFactory.java:202) ~[spring-beans-6.2.12.jar:6.2.12]
	at org.springframework.beans.factory.support.BeanDefinitionValueResolver.resolveReference(BeanDefinitionValueResolver.java:365) ~[spring-beans-6.2.12.jar:6.2.12]
	... 98 common frames omitted
Caused by: org.hibernate.service.spi.ServiceException: Unable to create requested service [org.hibernate.engine.jdbc.env.spi.JdbcEnvironment] due to: Unable to determine Dialect without JDBC metadata (please set 'jakarta.persistence.jdbc.url' for common cases or 'hibernate.dialect' when a custom Dialect implementation must be provided)
	at org.hibernate.service.internal.AbstractServiceRegistryImpl.createService(AbstractServiceRegistryImpl.java:276) ~[hibernate-core-6.6.33.Final.jar:6.6.33.Final]
	at org.hibernate.service.internal.AbstractServiceRegistryImpl.initializeService(AbstractServiceRegistryImpl.java:238) ~[hibernate-core-6.6.33.Final.jar:6.6.33.Final]
	at org.hibernate.service.internal.AbstractServiceRegistryImpl.getService(AbstractServiceRegistryImpl.java:215) ~[hibernate-core-6.6.33.Final.jar:6.6.33.Final]
	at org.hibernate.boot.model.relational.Database.<init>(Database.java:45) ~[hibernate-core-6.6.33.Final.jar:6.6.33.Final]
	at org.hibernate.boot.internal.InFlightMetadataCollectorImpl.getDatabase(InFlightMetadataCollectorImpl.java:226) ~[hibernate-core-6.6.33.Final.jar:6.6.33.Final]
	at org.hibernate.boot.internal.InFlightMetadataCollectorImpl.<init>(InFlightMetadataCollectorImpl.java:194) ~[hibernate-core-6.6.33.Final.jar:6.6.33.Final]
	at org.hibernate.boot.model.process.spi.MetadataBuildingProcess.complete(MetadataBuildingProcess.java:171) ~[hibernate-core-6.6.33.Final.jar:6.6.33.Final]
	at org.hibernate.jpa.boot.internal.EntityManagerFactoryBuilderImpl.metadata(EntityManagerFactoryBuilderImpl.java:1442) ~[hibernate-core-6.6.33.Final.jar:6.6.33.Final]
	at org.hibernate.jpa.boot.internal.EntityManagerFactoryBuilderImpl.build(EntityManagerFactoryBuilderImpl.java:1513) ~[hibernate-core-6.6.33.Final.jar:6.6.33.Final]
	at org.springframework.orm.jpa.vendor.SpringHibernateJpaPersistenceProvider.createContainerEntityManagerFactory(SpringHibernateJpaPersistenceProvider.java:66) ~[spring-orm-6.2.12.jar:6.2.12]
	at org.springframework.orm.jpa.LocalContainerEntityManagerFactoryBean.createNativeEntityManagerFactory(LocalContainerEntityManagerFactoryBean.java:390) ~[spring-orm-6.2.12.jar:6.2.12]
	at org.springframework.orm.jpa.AbstractEntityManagerFactoryBean.buildNativeEntityManagerFactory(AbstractEntityManagerFactoryBean.java:419) ~[spring-orm-6.2.12.jar:6.2.12]
	at org.springframework.orm.jpa.AbstractEntityManagerFactoryBean.afterPropertiesSet(AbstractEntityManagerFactoryBean.java:400) ~[spring-orm-6.2.12.jar:6.2.12]
	at org.springframework.orm.jpa.LocalContainerEntityManagerFactoryBean.afterPropertiesSet(LocalContainerEntityManagerFactoryBean.java:366) ~[spring-orm-6.2.12.jar:6.2.12]
	at org.springframework.beans.factory.support.AbstractAutowireCapableBeanFactory.invokeInitMethods(AbstractAutowireCapableBeanFactory.java:1873) ~[spring-beans-6.2.12.jar:6.2.12]
	at org.springframework.beans.factory.support.AbstractAutowireCapableBeanFactory.initializeBean(AbstractAutowireCapableBeanFactory.java:1822) ~[spring-beans-6.2.12.jar:6.2.12]
	... 105 common frames omitted
Caused by: org.hibernate.HibernateException: Unable to determine Dialect without JDBC metadata (please set 'jakarta.persistence.jdbc.url' for common cases or 'hibernate.dialect' when a custom Dialect implementation must be provided)
	at org.hibernate.engine.jdbc.dialect.internal.DialectFactoryImpl.determineDialect(DialectFactoryImpl.java:191) ~[hibernate-core-6.6.33.Final.jar:6.6.33.Final]
	at org.hibernate.engine.jdbc.dialect.internal.DialectFactoryImpl.buildDialect(DialectFactoryImpl.java:87) ~[hibernate-core-6.6.33.Final.jar:6.6.33.Final]
	at org.hibernate.engine.jdbc.env.internal.JdbcEnvironmentInitiator.getJdbcEnvironmentWithDefaults(JdbcEnvironmentInitiator.java:186) ~[hibernate-core-6.6.33.Final.jar:6.6.33.Final]
	at org.hibernate.engine.jdbc.env.internal.JdbcEnvironmentInitiator.getJdbcEnvironmentUsingJdbcMetadata(JdbcEnvironmentInitiator.java:410) ~[hibernate-core-6.6.33.Final.jar:6.6.33.Final]
	at org.hibernate.engine.jdbc.env.internal.JdbcEnvironmentInitiator.initiateService(JdbcEnvironmentInitiator.java:129) ~[hibernate-core-6.6.33.Final.jar:6.6.33.Final]
	at org.hibernate.engine.jdbc.env.internal.JdbcEnvironmentInitiator.initiateService(JdbcEnvironmentInitiator.java:81) ~[hibernate-core-6.6.33.Final.jar:6.6.33.Final]
	at org.hibernate.boot.registry.internal.StandardServiceRegistryImpl.initiateService(StandardServiceRegistryImpl.java:130) ~[hibernate-core-6.6.33.Final.jar:6.6.33.Final]
	at org.hibernate.service.internal.AbstractServiceRegistryImpl.createService(AbstractServiceRegistryImpl.java:263) ~[hibernate-core-6.6.33.Final.jar:6.6.33.Final]
	... 120 common frames omitted

2026-09-11T20:41:17.136+05:30  INFO 20184 --- [smartbank-management-system] [restartedMain] b.s.SmartBankManagementSystemApplication : Starting SmartBankManagementSystemApplication using Java 17 with PID 20184 (C:\Users\SYED MUBEEN\Desktop\SpringPro\springboot-projects\SmartBank\target\classes started by SYED MUBEEN in C:\Users\SYED MUBEEN\Desktop\SpringPro\springboot-projects\SmartBank)
2026-09-11T20:41:17.138+05:30 DEBUG 20184 --- [smartbank-management-system] [restartedMain] b.s.SmartBankManagementSystemApplication : Running with Spring Boot v3.5.7, Spring v6.2.12
2026-09-11T20:41:17.139+05:30  INFO 20184 --- [smartbank-management-system] [restartedMain] b.s.SmartBankManagementSystemApplication : No active profile set, falling back to 1 default profile: "default"
2026-09-11T20:41:17.179+05:30  INFO 20184 --- [smartbank-management-system] [restartedMain] .e.DevToolsPropertyDefaultsPostProcessor : Devtools property defaults active! Set 'spring.devtools.add-properties' to 'false' to disable
2026-09-11T20:41:17.179+05:30  INFO 20184 --- [smartbank-management-system] [restartedMain] .e.DevToolsPropertyDefaultsPostProcessor : For additional web related logging consider setting the 'logging.level.web' property to 'DEBUG'
2026-09-11T20:41:18.019+05:30  INFO 20184 --- [smartbank-management-system] [restartedMain] .s.d.r.c.RepositoryConfigurationDelegate : Bootstrapping Spring Data JPA repositories in DEFAULT mode.
2026-09-11T20:41:18.085+05:30  INFO 20184 --- [smartbank-management-system] [restartedMain] .s.d.r.c.RepositoryConfigurationDelegate : Finished Spring Data repository scanning in 57 ms. Found 4 JPA repository interfaces.
2026-09-11T20:41:18.672+05:30  INFO 20184 --- [smartbank-management-system] [restartedMain] o.s.b.w.embedded.tomcat.TomcatWebServer  : Tomcat initialized with port 9091 (http)
2026-09-11T20:41:18.685+05:30  INFO 20184 --- [smartbank-management-system] [restartedMain] o.apache.catalina.core.StandardService   : Starting service [Tomcat]
2026-09-11T20:41:18.685+05:30  INFO 20184 --- [smartbank-management-system] [restartedMain] o.apache.catalina.core.StandardEngine    : Starting Servlet engine: [Apache Tomcat/10.1.48]
2026-09-11T20:41:18.737+05:30  INFO 20184 --- [smartbank-management-system] [restartedMain] o.a.c.c.C.[Tomcat].[localhost].[/]       : Initializing Spring embedded WebApplicationContext
2026-09-11T20:41:18.737+05:30  INFO 20184 --- [smartbank-management-system] [restartedMain] w.s.c.ServletWebServerApplicationContext : Root WebApplicationContext: initialization completed in 1557 ms
2026-09-11T20:41:18.878+05:30  INFO 20184 --- [smartbank-management-system] [restartedMain] o.hibernate.jpa.internal.util.LogHelper  : HHH000204: Processing PersistenceUnitInfo [name: default]
2026-09-11T20:41:18.937+05:30  INFO 20184 --- [smartbank-management-system] [restartedMain] org.hibernate.Version                    : HHH000412: Hibernate ORM core version 6.6.33.Final
2026-09-11T20:41:18.978+05:30  INFO 20184 --- [smartbank-management-system] [restartedMain] o.h.c.internal.RegionFactoryInitiator    : HHH000026: Second-level cache disabled
2026-09-11T20:41:19.235+05:30  INFO 20184 --- [smartbank-management-system] [restartedMain] o.s.o.j.p.SpringPersistenceUnitInfo      : No LoadTimeWeaver setup: ignoring JPA class transformer
2026-09-11T20:41:19.266+05:30  INFO 20184 --- [smartbank-management-system] [restartedMain] com.zaxxer.hikari.HikariDataSource       : HikariPool-1 - Starting...
2026-09-11T20:41:19.566+05:30  INFO 20184 --- [smartbank-management-system] [restartedMain] com.zaxxer.hikari.pool.HikariPool        : HikariPool-1 - Added connection com.mysql.cj.jdbc.ConnectionImpl@4001b064
2026-09-11T20:41:19.568+05:30  INFO 20184 --- [smartbank-management-system] [restartedMain] com.zaxxer.hikari.HikariDataSource       : HikariPool-1 - Start completed.
2026-09-11T20:41:19.664+05:30  INFO 20184 --- [smartbank-management-system] [restartedMain] org.hibernate.orm.connections.pooling    : HHH10001005: Database info:
	Database JDBC URL [Connecting through datasource 'HikariDataSource (HikariPool-1)']
	Database driver: undefined/unknown
	Database version: 8.0.39
	Autocommit mode: undefined/unknown
	Isolation level: undefined/unknown
	Minimum pool size: undefined/unknown
	Maximum pool size: undefined/unknown
2026-09-11T20:41:20.554+05:30  INFO 20184 --- [smartbank-management-system] [restartedMain] o.h.e.t.j.p.i.JtaPlatformInitiator       : HHH000489: No JTA platform available (set 'hibernate.transaction.jta.platform' to enable JTA platform integration)
2026-09-11T20:41:20.605+05:30 DEBUG 20184 --- [smartbank-management-system] [restartedMain] org.hibernate.SQL                        : 
    create table accounts (
        id bigint not null auto_increment,
        account_number varchar(20) not null,
        balance decimal(15,2) not null,
        created_at datetime(6) not null,
        status enum ('ACTIVE','CLOSED','FROZEN','INACTIVE') not null,
        type enum ('CURRENT','FIXED_DEPOSIT','SAVINGS') not null,
        user_id bigint not null,
        primary key (id)
    ) engine=InnoDB
2026-09-11T20:41:20.695+05:30 DEBUG 20184 --- [smartbank-management-system] [restartedMain] org.hibernate.SQL                        : 
    create table loans (
        id bigint not null auto_increment,
        amount decimal(15,2) not null,
        applied_date datetime(6) not null,
        approved_by bigint,
        approved_date datetime(6),
        disbursed_date datetime(6),
        emi_amount decimal(15,2),
        interest_rate decimal(5,2) not null,
        loan_number varchar(20) not null,
        purpose varchar(1000),
        rejection_reason varchar(500),
        status enum ('ACTIVE','APPROVED','DEFAULTED','DISBURSED','PAID','PENDING','REJECTED','UNDER_REVIEW') not null,
        tenure_months integer not null,
        user_id bigint not null,
        primary key (id)
    ) engine=InnoDB
2026-09-11T20:41:20.735+05:30 DEBUG 20184 --- [smartbank-management-system] [restartedMain] org.hibernate.SQL                        : 
    create table transactions (
        id bigint not null auto_increment,
        amount decimal(15,2) not null,
        balance_after decimal(15,2) not null,
        created_at datetime(6) not null,
        description varchar(500),
        reference_account varchar(20),
        transaction_ref varchar(30) not null,
        type enum ('DEPOSIT','FEE_DEBIT','INTEREST_CREDIT','LOAN_DISBURSEMENT','LOAN_REPAYMENT','TRANSFER_CREDIT','TRANSFER_DEBIT','WITHDRAWAL') not null,
        account_id bigint not null,
        primary key (id)
    ) engine=InnoDB
2026-09-11T20:41:20.778+05:30 DEBUG 20184 --- [smartbank-management-system] [restartedMain] org.hibernate.SQL                        : 
    create table users (
        id bigint not null auto_increment,
        created_at datetime(6) not null,
        email varchar(100) not null,
        full_name varchar(150) not null,
        is_verified bit,
        password varchar(255) not null,
        phone varchar(15) not null,
        role enum ('ADMIN','CUSTOMER','MANAGER') not null,
        primary key (id)
    ) engine=InnoDB
2026-09-11T20:41:20.820+05:30 DEBUG 20184 --- [smartbank-management-system] [restartedMain] org.hibernate.SQL                        : 
    alter table accounts 
       drop index UK6kplolsdtr3slnvx97xsy2kc8
2026-09-11T20:41:20.850+05:30 DEBUG 20184 --- [smartbank-management-system] [restartedMain] org.hibernate.SQL                        : 
    alter table accounts 
       add constraint UK6kplolsdtr3slnvx97xsy2kc8 unique (account_number)
2026-09-11T20:41:20.901+05:30 DEBUG 20184 --- [smartbank-management-system] [restartedMain] org.hibernate.SQL                        : 
    alter table loans 
       drop index UKn0f0lgenbr3aknq9eahpk3los
2026-09-11T20:41:20.905+05:30 DEBUG 20184 --- [smartbank-management-system] [restartedMain] org.hibernate.SQL                        : 
    alter table loans 
       add constraint UKn0f0lgenbr3aknq9eahpk3los unique (loan_number)
2026-09-11T20:41:20.935+05:30 DEBUG 20184 --- [smartbank-management-system] [restartedMain] org.hibernate.SQL                        : 
    alter table transactions 
       drop index UK7ii4hpkuc8h5sccqt5wfky4na
2026-09-11T20:41:20.938+05:30 DEBUG 20184 --- [smartbank-management-system] [restartedMain] org.hibernate.SQL                        : 
    alter table transactions 
       add constraint UK7ii4hpkuc8h5sccqt5wfky4na unique (transaction_ref)
2026-09-11T20:41:20.975+05:30 DEBUG 20184 --- [smartbank-management-system] [restartedMain] org.hibernate.SQL                        : 
    alter table users 
       drop index UK6dotkott2kjsp8vw4d0m25fb7
2026-09-11T20:41:20.978+05:30 DEBUG 20184 --- [smartbank-management-system] [restartedMain] org.hibernate.SQL                        : 
    alter table users 
       add constraint UK6dotkott2kjsp8vw4d0m25fb7 unique (email)
2026-09-11T20:41:21.006+05:30 DEBUG 20184 --- [smartbank-management-system] [restartedMain] org.hibernate.SQL                        : 
    alter table accounts 
       add constraint FKnjuop33mo69pd79ctplkck40n 
       foreign key (user_id) 
       references users (id)
2026-09-11T20:41:21.143+05:30 DEBUG 20184 --- [smartbank-management-system] [restartedMain] org.hibernate.SQL                        : 
    alter table loans 
       add constraint FK6xxlcjc0rqtn5nq28vjnx5t9d 
       foreign key (user_id) 
       references users (id)
2026-09-11T20:41:21.351+05:30 DEBUG 20184 --- [smartbank-management-system] [restartedMain] org.hibernate.SQL                        : 
    alter table transactions 
       add constraint FK20w7wsg13u9srbq3bd7chfxdh 
       foreign key (account_id) 
       references accounts (id)
2026-09-11T20:41:21.595+05:30  INFO 20184 --- [smartbank-management-system] [restartedMain] j.LocalContainerEntityManagerFactoryBean : Initialized JPA EntityManagerFactory for persistence unit 'default'
2026-09-11T20:41:21.947+05:30 DEBUG 20184 --- [smartbank-management-system] [restartedMain] c.b.s.security.JwtAuthenticationFilter   : Filter 'jwtAuthenticationFilter' configured for use
2026-09-11T20:41:22.015+05:30  INFO 20184 --- [smartbank-management-system] [restartedMain] o.s.d.j.r.query.QueryEnhancerFactory     : Hibernate is in classpath; If applicable, HQL parser will be used.
2026-09-11T20:41:22.772+05:30  WARN 20184 --- [smartbank-management-system] [restartedMain] JpaBaseConfiguration$JpaWebConfiguration : spring.jpa.open-in-view is enabled by default. Therefore, database queries may be performed during view rendering. Explicitly configure spring.jpa.open-in-view to disable this warning
2026-09-11T20:41:23.010+05:30  INFO 20184 --- [smartbank-management-system] [restartedMain] r$InitializeUserDetailsManagerConfigurer : Global AuthenticationManager configured with UserDetailsService bean with name userDetailsServiceImpl
2026-09-11T20:41:23.121+05:30 DEBUG 20184 --- [smartbank-management-system] [restartedMain] o.s.s.web.DefaultSecurityFilterChain     : Will secure any request with filters: DisableEncodeUrlFilter, WebAsyncManagerIntegrationFilter, SecurityContextHolderFilter, HeaderWriterFilter, CorsFilter, LogoutFilter, JwtAuthenticationFilter, RequestCacheAwareFilter, SecurityContextHolderAwareRequestFilter, AnonymousAuthenticationFilter, SessionManagementFilter, ExceptionTranslationFilter, AuthorizationFilter
2026-09-11T20:41:23.278+05:30  WARN 20184 --- [smartbank-management-system] [restartedMain] ion$DefaultTemplateResolverConfiguration : Cannot find template location: classpath:/templates/ (please add some templates, check your Thymeleaf configuration, or set spring.thymeleaf.check-template-location=false)
2026-09-11T20:41:23.444+05:30  INFO 20184 --- [smartbank-management-system] [restartedMain] o.s.b.d.a.OptionalLiveReloadServer       : LiveReload server is running on port 35729
2026-09-11T20:41:23.493+05:30  INFO 20184 --- [smartbank-management-system] [restartedMain] o.s.b.w.embedded.tomcat.TomcatWebServer  : Tomcat started on port 9091 (http) with context path '/'
2026-09-11T20:41:23.502+05:30  INFO 20184 --- [smartbank-management-system] [restartedMain] b.s.SmartBankManagementSystemApplication : Started SmartBankManagementSystemApplication in 6.759 seconds (process running for 7.418)
2026-09-11T20:41:23.585+05:30 DEBUG 20184 --- [smartbank-management-system] [restartedMain] org.hibernate.SQL                        : 
    select
        u1_0.id 
    from
        users u1_0 
    where
        u1_0.email=? 
    limit
        ?
2026-09-11T20:41:23.720+05:30 DEBUG 20184 --- [smartbank-management-system] [restartedMain] org.hibernate.SQL                        : 
    insert 
    into
        users
        (created_at, email, full_name, is_verified, password, phone, role) 
    values
        (?, ?, ?, ?, ?, ?, ?)
2026-09-11T20:41:23.766+05:30  INFO 20184 --- [smartbank-management-system] [restartedMain] com.bank.smartbank.config.DataSeeder     :   Admin user created successfully
2026-09-11T20:41:23.766+05:30  INFO 20184 --- [smartbank-management-system] [restartedMain] com.bank.smartbank.config.DataSeeder     :   Email: admin@bank.com
2026-09-11T20:41:23.766+05:30  INFO 20184 --- [smartbank-management-system] [restartedMain] com.bank.smartbank.config.DataSeeder     :   Password: Admin@123
2026-09-11T20:56:50.500+05:30  INFO 20184 --- [smartbank-management-system] [http-nio-9091-exec-1] o.a.c.c.C.[Tomcat].[localhost].[/]       : Initializing Spring DispatcherServlet 'dispatcherServlet'
2026-09-11T20:56:50.520+05:30  INFO 20184 --- [smartbank-management-system] [http-nio-9091-exec-1] o.s.web.servlet.DispatcherServlet        : Initializing Servlet 'dispatcherServlet'
2026-09-11T20:56:50.582+05:30  INFO 20184 --- [smartbank-management-system] [http-nio-9091-exec-1] o.s.web.servlet.DispatcherServlet        : Completed initialization in 62 ms
2026-09-11T20:56:50.651+05:30 DEBUG 20184 --- [smartbank-management-system] [http-nio-9091-exec-1] o.s.security.web.FilterChainProxy        : Securing OPTIONS /api/api/auth/login
2026-09-11T20:56:50.731+05:30 DEBUG 20184 --- [smartbank-management-system] [http-nio-9091-exec-3] o.s.security.web.FilterChainProxy        : Securing POST /api/api/auth/login
2026-09-11T20:56:50.746+05:30 DEBUG 20184 --- [smartbank-management-system] [http-nio-9091-exec-3] o.s.s.w.a.AnonymousAuthenticationFilter  : Set SecurityContextHolder to anonymous SecurityContext
2026-09-11T20:56:50.760+05:30 DEBUG 20184 --- [smartbank-management-system] [http-nio-9091-exec-3] o.s.s.w.a.Http403ForbiddenEntryPoint     : Pre-authenticated entry point called. Rejecting access
2026-09-11T20:56:50.798+05:30 DEBUG 20184 --- [smartbank-management-system] [http-nio-9091-exec-3] o.s.security.web.FilterChainProxy        : Securing POST /error
2026-09-11T20:56:50.799+05:30 DEBUG 20184 --- [smartbank-management-system] [http-nio-9091-exec-3] o.s.security.web.FilterChainProxy        : Secured POST /error
2026-09-11T20:56:51.065+05:30 DEBUG 20184 --- [smartbank-management-system] [http-nio-9091-exec-3] o.s.s.w.a.AnonymousAuthenticationFilter  : Set SecurityContextHolder to anonymous SecurityContext
2026-09-11T20:58:16.496+05:30 DEBUG 20184 --- [smartbank-management-system] [http-nio-9091-exec-2] o.s.security.web.FilterChainProxy        : Securing OPTIONS /api/api/auth/register
2026-09-11T20:58:16.505+05:30 DEBUG 20184 --- [smartbank-management-system] [http-nio-9091-exec-5] o.s.security.web.FilterChainProxy        : Securing POST /api/api/auth/register
2026-09-11T20:58:16.507+05:30 DEBUG 20184 --- [smartbank-management-system] [http-nio-9091-exec-5] o.s.s.w.a.AnonymousAuthenticationFilter  : Set SecurityContextHolder to anonymous SecurityContext
2026-09-11T20:58:16.507+05:30 DEBUG 20184 --- [smartbank-management-system] [http-nio-9091-exec-5] o.s.s.w.a.Http403ForbiddenEntryPoint     : Pre-authenticated entry point called. Rejecting access
2026-09-11T20:58:16.508+05:30 DEBUG 20184 --- [smartbank-management-system] [http-nio-9091-exec-5] o.s.security.web.FilterChainProxy        : Securing POST /error
2026-09-11T20:58:16.508+05:30 DEBUG 20184 --- [smartbank-management-system] [http-nio-9091-exec-5] o.s.security.web.FilterChainProxy        : Secured POST /error
2026-09-11T20:58:16.511+05:30 DEBUG 20184 --- [smartbank-management-system] [http-nio-9091-exec-5] o.s.s.w.a.AnonymousAuthenticationFilter  : Set SecurityContextHolder to anonymous SecurityContext
2026-09-11T20:58:22.211+05:30 DEBUG 20184 --- [smartbank-management-system] [http-nio-9091-exec-6] o.s.security.web.FilterChainProxy        : Securing OPTIONS /api/api/auth/register
2026-09-11T20:58:22.226+05:30 DEBUG 20184 --- [smartbank-management-system] [http-nio-9091-exec-7] o.s.security.web.FilterChainProxy        : Securing POST /api/api/auth/register
2026-09-11T20:58:22.229+05:30 DEBUG 20184 --- [smartbank-management-system] [http-nio-9091-exec-7] o.s.s.w.a.AnonymousAuthenticationFilter  : Set SecurityContextHolder to anonymous SecurityContext
2026-09-11T20:58:22.231+05:30 DEBUG 20184 --- [smartbank-management-system] [http-nio-9091-exec-7] o.s.s.w.a.Http403ForbiddenEntryPoint     : Pre-authenticated entry point called. Rejecting access
2026-09-11T20:58:22.234+05:30 DEBUG 20184 --- [smartbank-management-system] [http-nio-9091-exec-7] o.s.security.web.FilterChainProxy        : Securing POST /error
2026-09-11T20:58:22.235+05:30 DEBUG 20184 --- [smartbank-management-system] [http-nio-9091-exec-7] o.s.security.web.FilterChainProxy        : Secured POST /error
2026-09-11T20:58:22.238+05:30 DEBUG 20184 --- [smartbank-management-system] [http-nio-9091-exec-7] o.s.s.w.a.AnonymousAuthenticationFilter  : Set SecurityContextHolder to anonymous SecurityContext
2026-09-11T21:00:03.449+05:30 DEBUG 20184 --- [smartbank-management-system] [http-nio-9091-exec-9] o.s.security.web.FilterChainProxy        : Securing OPTIONS /api/api/auth/register
2026-09-11T21:00:03.456+05:30 DEBUG 20184 --- [smartbank-management-system] [http-nio-9091-exec-10] o.s.security.web.FilterChainProxy        : Securing POST /api/api/auth/register
2026-09-11T21:00:03.457+05:30 DEBUG 20184 --- [smartbank-management-system] [http-nio-9091-exec-10] o.s.s.w.a.AnonymousAuthenticationFilter  : Set SecurityContextHolder to anonymous SecurityContext
2026-09-11T21:00:03.458+05:30 DEBUG 20184 --- [smartbank-management-system] [http-nio-9091-exec-10] o.s.s.w.a.Http403ForbiddenEntryPoint     : Pre-authenticated entry point called. Rejecting access
2026-09-11T21:00:03.459+05:30 DEBUG 20184 --- [smartbank-management-system] [http-nio-9091-exec-10] o.s.security.web.FilterChainProxy        : Securing POST /error
2026-09-11T21:00:03.460+05:30 DEBUG 20184 --- [smartbank-management-system] [http-nio-9091-exec-10] o.s.security.web.FilterChainProxy        : Secured POST /error
2026-09-11T21:00:03.463+05:30 DEBUG 20184 --- [smartbank-management-system] [http-nio-9091-exec-10] o.s.s.w.a.AnonymousAuthenticationFilter  : Set SecurityContextHolder to anonymous SecurityContext
2026-09-11T21:02:13.110+05:30 DEBUG 20184 --- [smartbank-management-system] [http-nio-9091-exec-4] o.s.security.web.FilterChainProxy        : Securing POST /api/api/auth/register
2026-09-11T21:02:13.111+05:30 DEBUG 20184 --- [smartbank-management-system] [http-nio-9091-exec-4] o.s.s.w.a.AnonymousAuthenticationFilter  : Set SecurityContextHolder to anonymous SecurityContext
2026-09-11T21:02:13.112+05:30 DEBUG 20184 --- [smartbank-management-system] [http-nio-9091-exec-4] o.s.s.w.a.Http403ForbiddenEntryPoint     : Pre-authenticated entry point called. Rejecting access
2026-09-11T21:02:13.112+05:30 DEBUG 20184 --- [smartbank-management-system] [http-nio-9091-exec-4] o.s.security.web.FilterChainProxy        : Securing POST /error
2026-09-11T21:02:13.113+05:30 DEBUG 20184 --- [smartbank-management-system] [http-nio-9091-exec-4] o.s.security.web.FilterChainProxy        : Secured POST /error
2026-09-11T21:02:13.115+05:30 DEBUG 20184 --- [smartbank-management-system] [http-nio-9091-exec-4] o.s.s.w.a.AnonymousAuthenticationFilter  : Set SecurityContextHolder to anonymous SecurityContext
2026-09-11T21:03:02.600+05:30 DEBUG 20184 --- [smartbank-management-system] [http-nio-9091-exec-2] o.s.security.web.FilterChainProxy        : Securing POST /api/api/auth/register
2026-09-11T21:03:02.600+05:30 DEBUG 20184 --- [smartbank-management-system] [http-nio-9091-exec-2] o.s.s.w.a.AnonymousAuthenticationFilter  : Set SecurityContextHolder to anonymous SecurityContext
2026-09-11T21:03:02.600+05:30 DEBUG 20184 --- [smartbank-management-system] [http-nio-9091-exec-2] o.s.s.w.a.Http403ForbiddenEntryPoint     : Pre-authenticated entry point called. Rejecting access
2026-09-11T21:03:02.601+05:30 DEBUG 20184 --- [smartbank-management-system] [http-nio-9091-exec-2] o.s.security.web.FilterChainProxy        : Securing POST /error
2026-09-11T21:03:02.602+05:30 DEBUG 20184 --- [smartbank-management-system] [http-nio-9091-exec-2] o.s.security.web.FilterChainProxy        : Secured POST /error
2026-09-11T21:03:02.605+05:30 DEBUG 20184 --- [smartbank-management-system] [http-nio-9091-exec-2] o.s.s.w.a.AnonymousAuthenticationFilter  : Set SecurityContextHolder to anonymous SecurityContext
2026-09-11T21:05:07.096+05:30 DEBUG 20184 --- [smartbank-management-system] [http-nio-9091-exec-7] o.s.security.web.FilterChainProxy        : Securing POST /api/api/auth/register
2026-09-11T21:05:07.097+05:30 DEBUG 20184 --- [smartbank-management-system] [http-nio-9091-exec-7] o.s.s.w.a.AnonymousAuthenticationFilter  : Set SecurityContextHolder to anonymous SecurityContext
2026-09-11T21:05:07.098+05:30 DEBUG 20184 --- [smartbank-management-system] [http-nio-9091-exec-7] o.s.s.w.a.Http403ForbiddenEntryPoint     : Pre-authenticated entry point called. Rejecting access
2026-09-11T21:05:07.099+05:30 DEBUG 20184 --- [smartbank-management-system] [http-nio-9091-exec-7] o.s.security.web.FilterChainProxy        : Securing POST /error
2026-09-11T21:05:07.100+05:30 DEBUG 20184 --- [smartbank-management-system] [http-nio-9091-exec-7] o.s.security.web.FilterChainProxy        : Secured POST /error
2026-09-11T21:05:07.102+05:30 DEBUG 20184 --- [smartbank-management-system] [http-nio-9091-exec-7] o.s.s.w.a.AnonymousAuthenticationFilter  : Set SecurityContextHolder to anonymous SecurityContext
2026-09-11T21:05:58.116+05:30 DEBUG 20184 --- [smartbank-management-system] [http-nio-9091-exec-8] o.s.security.web.FilterChainProxy        : Securing POST /api/auth/register
2026-09-11T21:05:58.117+05:30 DEBUG 20184 --- [smartbank-management-system] [http-nio-9091-exec-8] o.s.s.w.a.AnonymousAuthenticationFilter  : Set SecurityContextHolder to anonymous SecurityContext
2026-09-11T21:05:58.117+05:30 DEBUG 20184 --- [smartbank-management-system] [http-nio-9091-exec-8] o.s.security.web.FilterChainProxy        : Secured POST /api/auth/register
2026-09-11T21:05:58.713+05:30 DEBUG 20184 --- [smartbank-management-system] [http-nio-9091-exec-8] org.hibernate.SQL                        : 
    select
        u1_0.id 
    from
        users u1_0 
    where
        u1_0.email=? 
    limit
        ?
2026-09-11T21:05:58.909+05:30 DEBUG 20184 --- [smartbank-management-system] [http-nio-9091-exec-8] org.hibernate.SQL                        : 
    insert 
    into
        users
        (created_at, email, full_name, is_verified, password, phone, role) 
    values
        (?, ?, ?, ?, ?, ?, ?)
2026-09-11T21:05:58.971+05:30  INFO 20184 --- [smartbank-management-system] [http-nio-9091-exec-8] com.bank.smartbank.service.AuthService   : User registered: syed@gmail.com
2026-09-11T21:05:58.972+05:30 DEBUG 20184 --- [smartbank-management-system] [http-nio-9091-exec-8] com.bank.smartbank.service.AuthService   : OTP sent: 484908
2026-09-11T21:06:45.130+05:30 DEBUG 20184 --- [smartbank-management-system] [http-nio-9091-exec-9] o.s.security.web.FilterChainProxy        : Securing OPTIONS /api/auth/login
2026-09-11T21:06:45.135+05:30 DEBUG 20184 --- [smartbank-management-system] [http-nio-9091-exec-10] o.s.security.web.FilterChainProxy        : Securing POST /api/auth/login
2026-09-11T21:06:45.136+05:30 DEBUG 20184 --- [smartbank-management-system] [http-nio-9091-exec-10] o.s.s.w.a.AnonymousAuthenticationFilter  : Set SecurityContextHolder to anonymous SecurityContext
2026-09-11T21:06:45.136+05:30 DEBUG 20184 --- [smartbank-management-system] [http-nio-9091-exec-10] o.s.security.web.FilterChainProxy        : Secured POST /api/auth/login
2026-09-11T21:06:45.170+05:30 DEBUG 20184 --- [smartbank-management-system] [http-nio-9091-exec-10] org.hibernate.SQL                        : 
    select
        u1_0.id,
        u1_0.created_at,
        u1_0.email,
        u1_0.full_name,
        u1_0.is_verified,
        u1_0.password,
        u1_0.phone,
        u1_0.role 
    from
        users u1_0 
    where
        u1_0.email=?
2026-09-11T21:06:45.418+05:30  INFO 20184 --- [smartbank-management-system] [http-nio-9091-exec-10] com.bank.smartbank.service.AuthService   : User logged in: syed@gmail.com
2026-09-11T21:06:45.609+05:30 DEBUG 20184 --- [smartbank-management-system] [http-nio-9091-exec-1] o.s.security.web.FilterChainProxy        : Securing OPTIONS /api/accounts
2026-09-11T21:06:45.611+05:30 DEBUG 20184 --- [smartbank-management-system] [http-nio-9091-exec-3] o.s.security.web.FilterChainProxy        : Securing OPTIONS /api/accounts
2026-09-11T21:06:45.616+05:30 DEBUG 20184 --- [smartbank-management-system] [http-nio-9091-exec-4] o.s.security.web.FilterChainProxy        : Securing GET /api/accounts
2026-09-11T21:06:45.716+05:30 DEBUG 20184 --- [smartbank-management-system] [http-nio-9091-exec-4] org.hibernate.SQL                        : 
    select
        u1_0.id,
        u1_0.created_at,
        u1_0.email,
        u1_0.full_name,
        u1_0.is_verified,
        u1_0.password,
        u1_0.phone,
        u1_0.role 
    from
        users u1_0 
    where
        u1_0.id=?
2026-09-11T21:06:45.732+05:30 DEBUG 20184 --- [smartbank-management-system] [http-nio-9091-exec-4] o.s.security.web.FilterChainProxy        : Secured GET /api/accounts
2026-09-11T21:06:45.737+05:30 DEBUG 20184 --- [smartbank-management-system] [http-nio-9091-exec-4] org.hibernate.SQL                        : 
    select
        u1_0.id,
        u1_0.created_at,
        u1_0.email,
        u1_0.full_name,
        u1_0.is_verified,
        u1_0.password,
        u1_0.phone,
        u1_0.role 
    from
        users u1_0 
    where
        u1_0.email=?
2026-09-11T21:06:45.782+05:30 DEBUG 20184 --- [smartbank-management-system] [http-nio-9091-exec-4] org.hibernate.SQL                        : 
    select
        count(*) 
    from
        users u1_0 
    where
        u1_0.id=?
2026-09-11T21:06:45.796+05:30 DEBUG 20184 --- [smartbank-management-system] [http-nio-9091-exec-4] org.hibernate.SQL                        : 
    select
        a1_0.id,
        a1_0.account_number,
        a1_0.balance,
        a1_0.created_at,
        a1_0.status,
        a1_0.type,
        a1_0.user_id 
    from
        accounts a1_0 
    left join
        users u1_0 
            on u1_0.id=a1_0.user_id 
    where
        u1_0.id=?
2026-09-11T21:06:45.850+05:30 DEBUG 20184 --- [smartbank-management-system] [http-nio-9091-exec-2] o.s.security.web.FilterChainProxy        : Securing GET /api/accounts
2026-09-11T21:06:45.855+05:30 DEBUG 20184 --- [smartbank-management-system] [http-nio-9091-exec-2] org.hibernate.SQL                        : 
    select
        u1_0.id,
        u1_0.created_at,
        u1_0.email,
        u1_0.full_name,
        u1_0.is_verified,
        u1_0.password,
        u1_0.phone,
        u1_0.role 
    from
        users u1_0 
    where
        u1_0.id=?
2026-09-11T21:06:45.859+05:30 DEBUG 20184 --- [smartbank-management-system] [http-nio-9091-exec-2] o.s.security.web.FilterChainProxy        : Secured GET /api/accounts
2026-09-11T21:06:45.862+05:30 DEBUG 20184 --- [smartbank-management-system] [http-nio-9091-exec-2] org.hibernate.SQL                        : 
    select
        u1_0.id,
        u1_0.created_at,
        u1_0.email,
        u1_0.full_name,
        u1_0.is_verified,
        u1_0.password,
        u1_0.phone,
        u1_0.role 
    from
        users u1_0 
    where
        u1_0.email=?
2026-09-11T21:06:45.868+05:30 DEBUG 20184 --- [smartbank-management-system] [http-nio-9091-exec-2] org.hibernate.SQL                        : 
    select
        count(*) 
    from
        users u1_0 
    where
        u1_0.id=?
2026-09-11T21:06:45.872+05:30 DEBUG 20184 --- [smartbank-management-system] [http-nio-9091-exec-2] org.hibernate.SQL                        : 
    select
        a1_0.id,
        a1_0.account_number,
        a1_0.balance,
        a1_0.created_at,
        a1_0.status,
        a1_0.type,
        a1_0.user_id 
    from
        accounts a1_0 
    left join
        users u1_0 
            on u1_0.id=a1_0.user_id 
    where
        u1_0.id=?
2026-09-11T21:07:37.797+05:30  INFO 20184 --- [smartbank-management-system] [RMI TCP Connection(36)-127.0.0.1] inMXBeanRegistrar$SpringApplicationAdmin : Application shutdown requested.
2026-09-11T21:07:37.810+05:30  INFO 20184 --- [smartbank-management-system] [RMI TCP Connection(36)-127.0.0.1] o.s.b.w.e.tomcat.GracefulShutdown        : Commencing graceful shutdown. Waiting for active requests to complete
2026-09-11T21:07:37.998+05:30  INFO 20184 --- [smartbank-management-system] [tomcat-shutdown] o.s.b.w.e.tomcat.GracefulShutdown        : Graceful shutdown complete
2026-09-11T21:07:38.005+05:30  INFO 20184 --- [smartbank-management-system] [RMI TCP Connection(36)-127.0.0.1] j.LocalContainerEntityManagerFactoryBean : Closing JPA EntityManagerFactory for persistence unit 'default'
2026-09-11T21:07:38.013+05:30  INFO 20184 --- [smartbank-management-system] [RMI TCP Connection(36)-127.0.0.1] com.zaxxer.hikari.HikariDataSource       : HikariPool-1 - Shutdown initiated...
2026-09-11T21:07:38.019+05:30  INFO 20184 --- [smartbank-management-system] [RMI TCP Connection(36)-127.0.0.1] com.zaxxer.hikari.HikariDataSource       : HikariPool-1 - Shutdown completed.
